timestamp,consent,age,gender,province,education_level,stream,gpa,current_status,weekly_skill_hours,skills_learning,learning_reason,learning_source,career_clarity,market_awareness,education_support,career_confidence,challenges,challenge_frequency,career_interest,future_vision,system_adequate,biggest_obstacle,advice,age_mid,gpa_mid,skill_hours_mid,challenge_freq_score,skill_AI / Machine Learning,skill_Business / Entrepreneurship,skill_Data Analyst / Data Science,skill_Digital Marketing / SEO,skill_Graphic Design,skill_None yet,skill_Other,skill_Programming / Coding,skill_Public Speaking / Communication,skill_UI/UX Design,skill_Video Editing / Content Creation,reason_Business / Startups,reason_Freelancing,reason_None yet,reason_Other,reason_Personal Interest,reason_Study abroad preparation,reason_To get a job,reason_University requirements,source_College or school,source_Institute or training center,source_Mentor or teacher,source_None yet,source_Other,"source_Paid online courses (Udemy, Coursera, etc.)",source_Self-study from books/articles,source_YouTube / free online videos,chal_Family pressure,chal_Financial problems,chal_Lack of guidance or mentorship,chal_Lack of motivation,chal_Lack of networking,chal_Lack of opportunities in Nepal,chal_Mental stress or anxiety,chal_Other,chal_Poor internet access,chal_Poor quality of education,chal_Time management issues,skill_breadth,readiness_score,readiness_category
2026/06/15 8:49:52 PM GMT+5:45,Yes,19-21,Male,Bagmati,Awaiting +2 Results,Science,3.21 - 3.6,Waiting for results;Preparing for Bachelor's;Learning professional skills,6-10 hrs,Programming / Coding;Data Analyst / Data Science;AI / Machine Learning;Graphic Design;Public Speaking / Communication,To get a job;Freelancing;Personal Interest,"YouTube / free online videos;Paid online courses (Udemy, Coursera, etc.);Institute or training center;Self-study from books/articles;Mentor or teacher",5.0,5.0,3.0,5.0,No Obstacles ,Never,Research / Academia,As a Senior ML Engineer ,Maybe,Lack of practical education;Financial barriers;Poor awareness of career options;Brain drain (talented people leaving Nepal),"Start learning skills early, don't wait;Network with people in your field of interest;Take care of your mental health",20.0,3.4,8.0,0.0,1,0,1,0,1,0,0,1,1,0,0,0,1,0,0,1,0,1,0,0,1,1,0,0,1,1,1,0,0,0,0,0,0,0,1,0,0,0,5,79.93055555555554,High
2026/06/15 9:02:13 PM GMT+5:45,Yes,19-21,Female,Bagmati,SEE Passed,Just SEE Passed,3.21 - 3.6,Learning professional skills,3-5 hrs,UI/UX Design;Public Speaking / Communication,To get a job;Personal Interest,YouTube / free online videos;Self-study from books/articles,4.0,4.0,4.0,4.0,Lack of networking,Sometimes,IT / Technology,Doing Bachelors ,Maybe,Lack of practical education;Weak education system / outdated curriculum;Mental health and stress,"Start learning skills early, don't wait",20.0,3.4,4.0,1.0,0,0,0,0,0,0,0,0,1,1,0,0,0,0,0,1,0,1,0,0,0,0,0,0,0,1,1,0,0,0,0,1,0,0,0,0,0,0,2,59.5138888888889,Medium
2026/06/16 9:51:40 AM GMT+5:45,Yes,19-21,Male,Bagmati,+2 Passed,Management,2.81 - 3.2,Preparing for Bachelor's,0 - 2 hrs,None yet,,,2.0,5.0,4.0,3.0,Time management issues;Lack of networking,,IT / Technology,Doing Bachelors ,No,Lack of practical education;Financial barriers,"Start learning skills early, don't wait;Network with people in your field of interest",20.0,3.0,1.0,1.0,0,0,0,0,0,1,0,0,0,0,0,0,0,0,0,0,0,0,0,0,0,0,0,0,0,0,0,0,0,0,0,1,0,0,0,0,0,1,0,44.166666666666664,Medium
2026/06/16 10:04:42 AM GMT+5:45,Yes,16-18,Female,Bagmati,SEE Passed,Just SEE Passed,Above 3.6,Learning professional skills;Preparring for 11th ,3-5 hrs,UI/UX Design;Public Speaking / Communication,Personal Interest,YouTube / free online videos,4.0,4.0,4.0,4.0,Lack of networking,Sometimes,Government Service,doing baclelors ,Maybe,Brain drain (talented people leaving Nepal),"Start learning skills early, don't wait",17.0,3.8,4.0,1.0,0,0,0,0,0,0,0,0,1,1,0,0,0,0,0,1,0,0,0,0,0,0,0,0,0,0,1,0,0,0,0,1,0,0,0,0,0,0,2,59.5138888888889,Medium
2026/06/16 10:31:20 AM GMT+5:45,Yes,19-21,Male,Bagmati,+2 Passed,Science,3.21 - 3.6,Waiting for results,0 - 2 hrs,Data Analyst / Data Science;AI / Machine Learning,Personal Interest,Institute or training center,4.0,4.0,4.0,4.0,Financial problems;Lack of guidance or mentorship;Time management issues,Sometimes,IT / Technology,,Maybe,Lack of practical education;Lack of mentorship and guidance;Limited internship and job opportunities,"Start learning skills early, don't wait;Build a portfolio or personal projects;Focus on English communication;Explore career options before choosing a stream;Find a mentor or role model;Network with people in your field of interest;Take care of your mental health;Be consistent and patient",20.0,3.4,1.0,1.0,1,0,1,0,0,0,0,0,0,0,0,0,0,0,0,1,0,0,0,0,1,0,0,0,0,0,0,0,1,1,0,0,0,0,0,0,0,1,2,57.63888888888889,Medium
2026/06/16 12:13:08 PM GMT+5:45,Yes,19-21,Female,Bagmati,Bachelor ,Science,Above 3.6,Studying Bachelor's,3-5 hrs,Data Analyst / Data Science;AI / Machine Learning,To get a job,YouTube / free online videos;Institute or training center,3.0,3.0,3.0,5.0,Lack of motivation;Lack of opportunities in Nepal;Mental stress or anxiety,Sometimes,IT / Technology,,No,Lack of practical education;Weak education system / outdated curriculum;Limited internship and job opportunities;Poor awareness of career options,"Start learning skills early, don't wait;Focus on English communication;Don't rely only on grades — build real skills;Network with people in your field of interest;Take care of your mental health",20.0,3.8,4.0,1.0,1,0,1,0,0,0,0,0,0,0,0,0,0,0,0,0,0,1,0,0,1,0,0,0,0,0,1,0,0,0,1,0,1,1,0,0,0,0,2,53.263888888888886,Medium
2026/06/16 1:04:47 PM GMT+5:45,Yes,19-21,Male,Karnali,pursuing bachelor,Science,3.21 - 3.6,Studying Bachelor's,6-10 hrs,Programming / Coding;Data Analyst / Data Science;AI / Machine Learning,To get a job;Freelancing;Business / Startups;Personal Interest,YouTube / free online videos;Institute or training center;Self-study from books/articles,5.0,4.0,4.0,4.0,Financial problems;Lack of guidance or mentorship;Lack of opportunities in Nepal;Lack of networking,Frequently,IT / Technology,IT expert in nepalese industry ,No,Lack of practical education;Weak education system / outdated curriculum;Financial barriers;Lack of mentorship and guidance;Limited internship and job opportunities;Poor internet and tech access in rural areas;Political instability affecting opportunities,"Start learning skills early, don't wait;Build a portfolio or personal projects;Focus on English communication;Explore career options before choosing a stream;Find a mentor or role model;Use free online resources (YouTube, Coursera, etc.);Don't rely only on grades — build real skills;Network with people in your field of interest;Be consistent and patient",20.0,3.4,8.0,2.0,1,0,1,0,0,0,0,1,0,0,0,1,1,0,0,1,0,1,0,0,1,0,0,0,0,1,1,0,1,1,0,1,1,0,0,0,0,0,3,64.79166666666667,Medium
2026/06/16 5:16:24 PM GMT+5:45,Yes,16-18,Female,Gandaki,+2 Passed,Science,Above 3.6,Studying Bachelor's,3-5 hrs,Public Speaking / Communication;Business / Entrepreneurship,Business / Startups;Personal Interest,YouTube / free online videos;Self-study from books/articles,4.0,5.0,3.0,4.0,Lack of opportunities in Nepal;Lack of networking,Sometimes,Business / Entrepreneurship,,Maybe,Lack of mentorship and guidance;Poor awareness of career options;Brain drain (talented people leaving Nepal),"Start learning skills early, don't wait;Build a portfolio or personal projects;Be consistent and patient",17.0,3.8,4.0,1.0,0,1,0,0,0,0,0,0,1,0,0,1,0,0,0,1,0,0,0,0,0,0,0,0,0,1,1,0,0,0,0,1,1,0,0,0,0,0,2,60.76388888888889,Medium
2026/06/16 5:20:24 PM GMT+5:45,Yes,19-21,Male,Bagmati,Awaiting +2 Results,Management,3.21 - 3.6,Preparing for Bachelor's,3-5 hrs,Data Analyst / Data Science;AI / Machine Learning;Public Speaking / Communication,To get a job;Freelancing,YouTube / free online videos;Institute or training center;Self-study from books/articles,5.0,5.0,5.0,5.0,Lack of guidance or mentorship;Lack of networking,Frequently,IT / Technology,An IT expert.,Maybe,Lack of practical education;Brain drain (talented people leaving Nepal),"Start learning skills early, don't wait;Be consistent and patient",20.0,3.4,4.0,2.0,1,0,1,0,0,0,0,0,1,0,0,0,1,0,0,0,0,1,0,0,1,0,0,0,0,1,1,0,0,1,0,1,0,0,0,0,0,0,3,73.54166666666666,High
2026/06/16 5:30:54 PM GMT+5:45,Yes,16-18,,Gandaki,SEE Passed,Just SEE Passed,Above 3.6,Learning professional skills;Working / Freelancing,3-5 hrs,Video Editing / Content Creation;Public Speaking / Communication;Business / Entrepreneurship,Freelancing;Business / Startups;Personal Interest,YouTube / free online videos;College or school;Self-study from books/articles,4.0,4.0,3.0,4.0,Lack of guidance or mentorship;Lack of networking,Sometimes,IT / Technology,Doing Bachelors ,Maybe,Lack of practical education;Lack of mentorship and guidance;Poor awareness of career options,"Start learning skills early, don't wait;Be consistent and patient",17.0,3.8,4.0,1.0,0,1,0,0,0,0,0,0,1,0,1,1,1,0,0,1,0,0,0,1,0,0,0,0,0,1,1,0,0,1,0,1,0,0,0,0,0,0,3,58.12500000000001,Medium
2026/06/16 5:46:36 PM GMT+5:45,Yes,19-21,Female,Bagmati,+2 Passed,Management,2.81 - 3.2,Waiting for results,0 - 2 hrs,None yet,,,1.0,1.0,1.0,1.0,Lack of guidance or mentorship;Lack of motivation,Frequently,IT / Technology,May be  I will complete bachelor ,No,Lack of practical education;Lack of mentorship and guidance;Brain drain (talented people leaving Nepal),"Start learning skills early, don't wait;Be consistent and patient",20.0,3.0,1.0,2.0,0,0,0,0,0,1,0,0,0,0,0,0,0,0,0,0,0,0,0,0,0,0,0,0,0,0,0,0,0,1,1,0,0,0,0,0,0,0,0,3.333333333333334,Low
2026/06/16 6:31:31 PM GMT+5:45,Yes,16-18,Female,Koshi,Awaiting +2 Results,Science,Not Yet Graded,Working / Freelancing,3-5 hrs,None yet,,,5.0,5.0,5.0,5.0,Financial problems;Lack of opportunities in Nepal;Mental stress or anxiety,Always,Medical / Health,,No,Lack of practical education,Explore career options before choosing a stream,17.0,,4.0,3.0,0,0,0,0,0,1,0,0,0,0,0,0,0,0,0,0,0,0,0,0,0,0,0,0,0,0,0,0,1,0,0,0,1,1,0,0,0,0,0,66.875,Medium
2026/06/16 6:58:43 PM GMT+5:45,Yes,22-25,Male,Lumbini,+2 Passed,Management,2.4 - 2.8,Studying Bachelor's,0 - 2 hrs,AI / Machine Learning;Digital Marketing / SEO,Freelancing;Business / Startups;Personal Interest,"YouTube / free online videos;Paid online courses (Udemy, Coursera, etc.)",4.0,4.0,4.0,4.0,Time management issues,Always,Banking / Finance,"In 5 years, I see myself as a tech-driven entrepreneur building businesses that solve real human problems. I aim to master both the AI/technology sector and financial markets, using that expertise to create a fully integrated business system. My goal is to become a top player in my field, not just in Nepal but globally, by developing innovative solutions that make a meaningful impact on people's lives. I envision running a well-structured business ecosystem that combines cutting-edge technology, smart financial strategies, and a strong focus on customer-centric problem solving.",Yes,Lack of practical education;Financial barriers,"Start learning skills early, don't wait;Build a portfolio or personal projects;Focus on English communication;Use free online resources (YouTube, Coursera, etc.);Don't rely only on grades — build real skills;Take care of your mental health;Be consistent and patient",23.5,2.6,1.0,3.0,1,0,0,1,0,0,0,0,0,0,0,1,1,0,0,1,0,0,0,0,0,0,0,0,1,0,1,0,0,0,0,0,0,0,0,0,0,1,2,50.97222222222223,Medium
2026/06/16 7:51:52 PM GMT+5:45,Yes,19-21,Male,Karnali,SEE Passed,Just SEE Passed,3.21 - 3.6,Learning professional skills;Preparing for 11 and 12,3-5 hrs,UI/UX Design,Freelancing;Personal Interest,YouTube / free online videos;Self-study from books/articles,2.0,3.0,3.0,2.0,Lack of motivation;Lack of networking,Sometimes,IT / Technology,Doing Bachelors ,Maybe,Lack of practical education;Lack of mentorship and guidance,"Start learning skills early, don't wait",20.0,3.4,4.0,1.0,0,0,0,0,0,0,0,0,0,1,0,0,1,0,0,1,0,0,0,0,0,0,0,0,0,1,1,0,0,0,1,1,0,0,0,0,0,0,1,32.15277777777777,Low
2026/06/16 8:34:48 PM GMT+5:45,Yes,19-21,Male,Bagmati,+2 Passed,Science,2.81 - 3.2,Studying Bachelor's,11-20 hrs,Data Analyst / Data Science,Personal Interest,"Paid online courses (Udemy, Coursera, etc.)",5.0,5.0,5.0,5.0,Lack of guidance or mentorship;Lack of opportunities in Nepal;Lack of networking,Frequently,Engineering,Nepal,No,Lack of practical education;Weak education system / outdated curriculum;Limited internship and job opportunities;Poor awareness of career options,Explore career options before choosing a stream;Don't rely only on grades — build real skills;Network with people in your field of interest;Take care of your mental health,20.0,3.0,15.0,2.0,0,0,1,0,0,0,0,0,0,0,0,0,0,0,0,1,0,0,0,0,0,0,0,0,1,0,0,0,0,1,0,1,1,0,0,0,0,0,1,78.19444444444443,High
2026/06/17 7:37:46 AM GMT+5:45,Yes,16-18,Female,Bagmati,+2 Passed,Management,3.21 - 3.6,Preparing for Bachelor's;Working / Freelancing,6-10 hrs,Data Analyst / Data Science;Digital Marketing / SEO,To get a job,"Paid online courses (Udemy, Coursera, etc.)",3.0,4.0,4.0,5.0,Financial problems;Lack of guidance or mentorship;Lack of opportunities in Nepal,Sometimes,Study Abroad,No Idea ,Maybe,Weak education system / outdated curriculum,"Start learning skills early, don't wait",17.0,3.4,8.0,1.0,0,0,1,1,0,0,0,0,0,0,0,0,0,0,0,0,0,1,0,0,0,0,0,0,1,0,0,0,1,1,0,0,1,0,0,0,0,0,2,62.01388888888889,Medium
2026/06/17 8:00:11 AM GMT+5:45,Yes,16-18,Female,Bagmati,+2 Passed,Management,3.21 - 3.6,Preparing for Bachelor's;Working / Freelancing,6-10 hrs,Data Analyst / Data Science,To get a job,"Paid online courses (Udemy, Coursera, etc.)",3.0,4.0,4.0,5.0,Financial problems;Lack of guidance or mentorship;Lack of opportunities in Nepal,Sometimes,Banking / Finance,No Idea ,Maybe,Weak education system / outdated curriculum,"Start learning skills early, don't wait",17.0,3.4,8.0,1.0,0,0,1,0,0,0,0,0,0,0,0,0,0,0,0,0,0,1,0,0,0,0,0,0,1,0,0,0,1,1,0,0,1,0,0,0,0,0,1,60.90277777777777,Medium
2026/06/17 10:55:48 AM GMT+5:45,Yes,16-18,Female,Bagmati,+2 Passed,Science,Above 3.6,Gap Year,0 - 2 hrs,None yet,,Mentor or teacher,1.0,1.0,2.0,2.0,Financial problems;Lack of motivation;Lack of networking,Always,IT / Technology,idk,Maybe,Lack of practical education,Focus on English communication;Be consistent and patient,17.0,3.8,1.0,3.0,0,0,0,0,0,1,0,0,0,0,0,0,0,0,0,0,0,0,0,0,0,1,0,0,0,0,0,0,1,0,1,1,0,0,0,0,0,0,0,7.500000000000001,Low
2026/06/17 12:22:51 PM GMT+5:45,Yes,19-21,Male,Koshi,Awaiting +2 Results,Science,Not Yet Graded,Waiting for results,0 - 2 hrs,Abcd,University requirements,YouTube / free online videos,4.0,4.0,4.0,4.0,Abcd.,Always,Banking / Finance,In mars,Maybe,Lack of practical education;Weak education system / outdated curriculum;Limited internship and job opportunities;Poor awareness of career options;Poor internet and tech access in rural areas;Political instability affecting opportunities,"Start learning skills early, don't wait;Build a portfolio or personal projects;Focus on English communication;Explore career options before choosing a stream;Network with people in your field of interest",20.0,,1.0,3.0,0,0,0,0,0,0,1,0,0,0,0,0,0,0,0,0,0,0,1,0,0,0,0,0,0,0,1,0,0,0,0,0,0,0,1,0,0,0,0,48.75000000000001,Medium
2026/06/17 6:33:36 PM GMT+5:45,Yes,19-21,Female,Bagmati,+2 Passed,Education,Above 3.6,Studying Bachelor's,6-10 hrs,Graphic Design;Public Speaking / Communication,To get a job;Freelancing;Business / Startups;Personal Interest,YouTube / free online videos;College or school;Self-study from books/articles;Mentor or teacher,4.0,5.0,4.0,4.0,Lack of guidance or mentorship;Lack of networking,Sometimes,Teaching / Education,Primary Level Teacher ,Yes,Lack of practical education;Poor internet and tech access in rural areas;Brain drain (talented people leaving Nepal),"Start learning skills early, don't wait;Network with people in your field of interest;Be consistent and patient",20.0,3.8,8.0,1.0,0,0,0,0,1,0,0,0,1,0,0,1,1,0,0,1,0,1,0,1,0,1,0,0,0,1,1,0,0,1,0,1,0,0,0,0,0,0,2,65.7638888888889,Medium
2026/06/17 6:49:36 PM GMT+5:45,Yes,16-18,Female,Bagmati,Awaiting +2 Results,Science,Not Yet Graded,Preparing for Bachelor's,,None yet,,,3.0,4.0,3.0,3.0,Financial problems;Lack of guidance or mentorship;Lack of opportunities in Nepal,Sometimes,Medical / Health,,Yes,Weak education system / outdated curriculum;Financial barriers;Family and social pressure;Mental health and stress;Brain drain (talented people leaving Nepal),Don't rely only on grades — build real skills;Take care of your mental health;Be consistent and patient,17.0,,4.0,1.0,0,0,0,0,0,1,0,0,0,0,0,0,0,0,0,0,0,0,0,0,0,0,0,0,0,0,0,0,1,1,0,0,1,0,0,0,0,0,0,44.79166666666667,Medium
2026/06/17 7:27:51 PM GMT+5:45,Yes,16-18,Male,Bagmati,Awaiting +2 Results,Humanities,Above 3.6,Preparing to study abroad,6-10 hrs,Video Editing / Content Creation;Business / Entrepreneurship,To get a job;Personal Interest,YouTube / free online videos;Institute or training center,4.0,4.0,4.0,3.0,Financial problems;Lack of networking,Sometimes,Business / Entrepreneurship,Doing Business,Maybe,Lack of practical education;Poor awareness of career options;Brain drain (talented people leaving Nepal),"Start learning skills early, don't wait;Be consistent and patient",17.0,3.8,8.0,1.0,0,1,0,0,0,0,0,0,0,0,1,0,0,0,0,1,0,1,0,0,1,0,0,0,0,0,1,0,1,0,0,1,0,0,0,0,0,0,2,57.013888888888886,Medium
2026/06/17 8:13:28 PM GMT+5:45,Yes,16-18,Female,Gandaki,Awaiting +2 Results,Management,3.21 - 3.6,Waiting for results,0 - 2 hrs,Public Speaking / Communication,Personal Interest,YouTube / free online videos;Self-study from books/articles,2.0,3.0,2.0,3.0,Lack of networking,Sometimes,Medical / Health,IDK,Maybe,Lack of practical education,"Start learning skills early, don't wait;Be consistent and patient",17.0,3.4,1.0,1.0,0,0,0,0,0,0,0,0,1,0,0,0,0,0,0,1,0,0,0,0,0,0,0,0,0,1,1,0,0,0,0,1,0,0,0,0,0,0,1,32.777777777777786,Low
2026/06/17 8:39:12 PM GMT+5:45,Yes,19-21,Male,Madesh,Awaiting +2 Results,Management,3.21 - 3.6,Waiting for results;Preparing to study abroad,0 - 2 hrs,Barista ,To get a job;Personal Interest,Institute or training center,1.0,1.0,1.0,1.0,Financial problems;Poor quality of education;Mental stress or anxiety,Always,Study Abroad,As a hotel manager ,No,Financial barriers;Lack of mentorship and guidance;Poor awareness of career options,Focus on English communication;Explore career options before choosing a stream,20.0,3.4,1.0,3.0,0,0,0,0,0,0,1,0,0,0,0,0,0,0,0,1,0,1,0,0,1,0,0,0,0,0,0,0,1,0,0,0,0,1,0,0,1,0,0,0.0,Low
2026/06/17 9:47:59 PM GMT+5:45,Yes,16-18,Male,Karnali,+2 Passed,Science,3.21 - 3.6,Waiting for results,0 - 2 hrs,Video Editing / Content Creation,Personal Interest,YouTube / free online videos,4.0,4.0,4.0,5.0,Lack of guidance or mentorship;Lack of opportunities in Nepal;Time management issues,Sometimes,Medical / Health,,Maybe,Lack of practical education;Limited internship and job opportunities;Brain drain (talented people leaving Nepal),"Start learning skills early, don't wait;Use free online resources (YouTube, Coursera, etc.);Take care of your mental health",17.0,3.4,1.0,1.0,0,0,0,0,0,0,0,0,0,0,1,0,0,0,0,1,0,0,0,0,0,0,0,0,0,0,1,0,0,1,0,0,1,0,0,0,0,1,1,61.52777777777778,Medium
2026/06/18 11:12:32 AM GMT+5:45,Yes,Above 25,Male,Bagmati,Bachelor,Management,2.81 - 3.2,Working / Freelancing,6-10 hrs,Programming / Coding;Data Analyst / Data Science;AI / Machine Learning,To get a job;Freelancing;Business / Startups;Personal Interest,"YouTube / free online videos;Paid online courses (Udemy, Coursera, etc.);Institute or training center",5.0,5.0,5.0,5.0,Financial problems;Lack of opportunities in Nepal;Time management issues,Sometimes,IT / Technology,To be a best enterpurner,Yes,Lack of practical education;Financial barriers;Lack of mentorship and guidance;Limited internship and job opportunities;Poor awareness of career options;Poor internet and tech access in rural areas;Political instability affecting opportunities;Brain drain (talented people leaving Nepal),"Start learning skills early, don't wait;Build a portfolio or personal projects;Focus on English communication;Find a mentor or role model;Use free online resources (YouTube, Coursera, etc.);Network with people in your field of interest",27.0,3.0,8.0,1.0,1,0,1,0,0,0,0,1,0,0,0,1,1,0,0,1,0,1,0,0,1,0,0,0,1,0,1,0,1,0,0,0,1,0,0,0,0,1,3,79.37499999999999,High
2026/06/18 7:28:36 PM GMT+5:45,Yes,19-21,Female,Bagmati,+2 Passed,Management,2.4 - 2.8,Preparing to study abroad,3-5 hrs,None yet,Personal Interest,YouTube / free online videos,2.0,2.0,2.0,2.0,Financial problems;Lack of guidance or mentorship;Lack of motivation,Sometimes,Teaching / Education,Teaching ,Yes,Limited internship and job opportunities,"Start learning skills early, don't wait",20.0,2.6,4.0,1.0,0,0,0,0,0,1,0,0,0,0,0,0,0,0,0,1,0,0,0,0,0,0,0,0,0,0,1,0,1,1,1,0,0,0,0,0,0,0,0,24.791666666666664,Low
2026/06/18 9:23:15 PM GMT+5:45,Yes,19-21,Female,Bagmati,+2 Passed,Management,2.4 - 2.8,Gap Year,0 - 2 hrs,,,YouTube / free online videos,1.0,1.0,1.0,1.0,Financial problems,Sometimes,,Bidesh ma ,No,,,20.0,2.6,1.0,1.0,0,0,0,0,0,0,0,0,0,0,0,0,0,0,0,0,0,0,0,0,0,0,0,0,0,0,1,0,1,0,0,0,0,0,0,0,0,0,0,6.666666666666668,Low
2026/06/18 9:46:48 PM GMT+5:45,Yes,22-25,Male,Bagmati,+2 Passed,Management,2.81 - 3.2,Learning professional skills,3-5 hrs,Business / Entrepreneurship,Business / Startups,YouTube / free online videos,3.0,3.0,4.0,3.0,Time management issues,Sometimes,Business / Entrepreneurship,Staring new business ,Maybe,Limited internship and job opportunities,Build a portfolio or personal projects,23.5,3.0,4.0,1.0,0,1,0,0,0,0,0,0,0,0,0,1,0,0,0,0,0,0,0,0,0,0,0,0,0,0,1,0,0,0,0,0,0,0,0,0,0,1,1,44.65277777777777,Medium
2026/06/19 7:09:33 AM GMT+5:45,Yes,19-21,Female,Bagmati,+2 Passed,Science,2.81 - 3.2,Studying Bachelor's,3-5 hrs,Public Speaking / Communication,To get a job,College or school,5.0,5.0,5.0,5.0,Financial problems;Family pressure;Skills development ,Never,Sociology ,2,Yes,Lack of practical education;Financial barriers;Family and social pressure,Network with people in your field of interest;Be consistent and patient,20.0,3.0,4.0,0.0,0,0,0,0,0,0,0,0,1,0,0,0,0,0,0,0,0,1,0,1,0,0,0,0,0,0,0,1,1,0,0,0,0,0,1,0,0,0,1,77.9861111111111,High
2026/06/20 9:27:47 AM GMT+5:45,Yes,19-21,Female,Bagmati,+2 Passed,Science,3.21 - 3.6,Preparing for Bachelor's,3-5 hrs,Programming / Coding;Public Speaking / Communication,To get a job;Freelancing,YouTube / free online videos;Institute or training center,5.0,5.0,4.0,4.0,Lack of guidance or mentorship;Poor quality of education;Lack of networking,Sometimes,IT / Technology,Doing Bachelorls ,Maybe,Lack of practical education;Political instability affecting opportunities,"Start learning skills early, don't wait;Find a mentor or role model;Be consistent and patient",20.0,3.4,4.0,1.0,0,0,0,0,0,0,0,1,1,0,0,0,1,0,0,0,0,1,0,0,1,0,0,0,0,0,1,0,0,1,0,1,0,0,0,0,1,0,2,68.26388888888889,Medium
2026/06/22 7:55:01 PM GMT+5:45,Yes,19-21,Female,Bagmati,+2 Passed,Management,Above 3.6,Preparing for Bachelor's,0 - 2 hrs,Programming / Coding,To get a job,YouTube / free online videos,1.0,2.0,1.0,1.0,Financial problems;Lack of guidance or mentorship;,Sometimes,IT / Technology,,No,Lack of practical education;Weak education system / outdated curriculum;Financial barriers,"Use free online resources (YouTube, Coursera, etc.);Don't rely only on grades — build real skills",20.0,3.8,1.0,1.0,0,0,0,0,0,0,0,1,0,0,0,0,0,0,0,0,0,1,0,0,0,0,0,0,0,0,1,0,1,1,0,0,0,0,0,0,0,0,1,11.527777777777779,Low
2026/06/23 10:30:29 AM GMT+5:45,Yes,16-18,Female,Koshi,+2 Passed,Science,2.81 - 3.2,Preparing for Bachelor's,0 - 2 hrs,Data Analyst / Data Science;AI / Machine Learning;Public Speaking / Communication,Personal Interest,YouTube / free online videos,3.0,4.0,4.0,4.0,Financial problems;Lack of guidance or mentorship;Lack of motivation,Frequently,Medical / Health,Doing internship,Yes,Lack of practical education;Financial barriers;Poor internet and tech access in rural areas;Brain drain (talented people leaving Nepal),"Start learning skills early, don't wait;Focus on English communication;Use free online resources (YouTube, Coursera, etc.);Network with people in your field of interest;Take care of your mental health;Be consistent and patient",17.0,3.0,1.0,2.0,1,0,1,0,0,0,0,0,1,0,0,0,0,0,0,1,0,0,0,0,0,0,0,0,0,0,1,0,1,1,1,0,0,0,0,0,0,0,3,50.416666666666664,Medium
2026/06/23 9:05:38 PM GMT+5:45,Yes,Under 16,Male,Madesh,SEE Passed,Just SEE Passed,Above 3.6,Gap Year,6-10 hrs,Public Speaking / Communication;Business / Entrepreneurship,Business / Startups,YouTube / free online videos;Institute or training center;College or school,4.0,4.0,4.0,4.0,Lack of networking,Sometimes,Business / Entrepreneurship,Doing bachelors ,Maybe,Political instability affecting opportunities;Brain drain (talented people leaving Nepal),"Start learning skills early, don't wait;Don't rely only on grades — build real skills;Be consistent and patient",15.0,3.8,8.0,1.0,0,1,0,0,0,0,0,0,1,0,0,1,0,0,0,0,0,0,0,1,1,0,0,0,0,0,1,0,0,0,0,1,0,0,0,0,0,0,2,62.01388888888889,Medium
2026/06/25 12:32:17 PM GMT+5:45,Yes,16-18,Female,Bagmati,+2 Passed,Management,3.21 - 3.6,Learning professional skills,6-10 hrs,UI/UX Design;Business / Entrepreneurship,To get a job;Freelancing,"YouTube / free online videos;Paid online courses (Udemy, Coursera, etc.)",4.0,3.0,4.0,4.0,Financial problems;Lack of networking,Sometimes,IT / Technology,Idk,Maybe,Lack of practical education;Poor internet and tech access in rural areas,"Start learning skills early, don't wait;Don't rely only on grades — build real skills;Be consistent and patient",17.0,3.4,8.0,1.0,0,1,0,0,0,0,0,0,0,1,0,0,1,0,0,0,0,1,0,0,0,0,0,0,1,0,1,0,1,0,0,1,0,0,0,0,0,0,2,58.26388888888889,Medium
2026/06/29 4:13:09 PM GMT+5:45,Yes,19-21,Male,Madesh,+2 Passed,Science,2.81 - 3.2,Preparing for Bachelor's,3-5 hrs,Data Analyst / Data Science,To get a job;Freelancing,Institute or training center,4.0,3.0,2.0,3.0,Lack of networking,Sometimes,IT / Technology,Doing bachelor ,Maybe,Lack of mentorship and guidance;Brain drain (talented people leaving Nepal),"Start learning skills early, don't wait;Network with people in your field of interest;Be consistent and patient",20.0,3.0,4.0,1.0,0,0,1,0,0,0,0,0,0,0,0,0,1,0,0,0,0,1,0,0,1,0,0,0,0,0,0,0,0,0,0,1,0,0,0,0,0,0,1,44.652777777777786,Medium
2026/06/29 5:10:28 PM GMT+5:45,Yes,19-21,gay,Madesh,+2 Passed,Management,2.81 - 3.2,Learning professional skills,11-20 hrs,Data Analyst / Data Science;AI / Machine Learning,Freelancing;Personal Interest,YouTube / free online videos;Institute or training center;Self-study from books/articles,3.0,2.0,3.0,3.0,Lack of guidance or mentorship;Lack of opportunities in Nepal,Sometimes,IT / Technology,In Japan ,No,Lack of practical education;Weak education system / outdated curriculum,"Start learning skills early, don't wait;Build a portfolio or personal projects;Focus on English communication;Use free online resources (YouTube, Coursera, etc.);Take care of your mental health",20.0,3.0,15.0,1.0,1,0,1,0,0,0,0,0,0,0,0,0,1,0,0,1,0,0,0,0,1,0,0,0,0,1,1,0,0,1,0,0,1,0,0,0,0,0,2,46.38888888888889,Medium
2026/06/30 9:04:32 PM GMT+5:45,Yes,19-21,Male,Lumbini,+2 Passed,Science,3.21 - 3.6,Studying Bachelor's,6-10 hrs,,Study abroad preparation,"Paid online courses (Udemy, Coursera, etc.)",4.0,5.0,5.0,3.0,Time management issues,Sometimes,Business / Entrepreneurship,..,No,Family and social pressure,Focus on English communication,20.0,3.4,8.0,1.0,0,0,0,0,0,0,0,0,0,0,0,0,0,0,0,0,1,0,0,0,0,0,0,0,1,0,0,0,0,0,0,0,0,0,0,0,0,1,0,61.04166666666666,Medium
2026/07/01 10:03:26 PM GMT+5:45,Yes,16-18,Male,Gandaki,+2 Passed,Education,3.21 - 3.6,Preparing for Bachelor's,0 - 2 hrs,Public Speaking / Communication;,Personal Interest,YouTube / free online videos,4.0,1.0,3.0,3.0,Financial problems;Lack of guidance or mentorship;Poor internet access;Lack of opportunities in Nepal,Sometimes,Advanced mathematics for IT+computer Skill,I have no idea for this .,Maybe,Lack of practical education;Weak education system / outdated curriculum;Financial barriers;Lack of mentorship and guidance;Limited internship and job opportunities;Poor awareness of career options;Family and social pressure;Mental health and stress;Poor internet and tech access in rural areas;Political instability affecting opportunities;Brain drain (talented people leaving Nepal),"Start learning skills early, don't wait;Build a portfolio or personal projects;Focus on English communication;Explore career options before choosing a stream;Find a mentor or role model;Use free online resources (YouTube, Coursera, etc.);Don't rely only on grades — build real skills;Network with people in your field of interest;Take care of your mental health;Be consistent and patient",17.0,3.4,1.0,1.0,0,0,0,0,0,0,0,0,1,0,0,0,0,0,0,1,0,0,0,0,0,0,0,0,0,0,1,0,1,1,0,0,1,0,0,1,0,0,1,37.777777777777786,Low
2026/07/02 8:42:33 AM GMT+5:45,Yes,16-18,Female,Bagmati,,Management,3.21 - 3.6,Waiting for results;Preparing for Bachelor's,3-5 hrs,Public Speaking / Communication,Study abroad preparation,YouTube / free online videos;Self-study from books/articles,4.0,4.0,4.0,3.0,Lack of motivation,Sometimes,IT / Technology,doing backelors ,Maybe,Lack of mentorship and guidance,Be consistent and patient,17.0,3.4,4.0,1.0,0,0,0,0,0,0,0,0,1,0,0,0,0,0,0,0,1,0,0,0,0,0,0,0,0,1,1,0,0,0,1,0,0,0,0,0,0,0,1,53.40277777777778,Medium
2026/07/02 8:43:39 AM GMT+5:45,Yes,19-21,Male,Gandaki,+2 Passed,Management,3.21 - 3.6,Preparing for Bachelor's,6-10 hrs,Programming / Coding;,,,5.0,5.0,4.0,4.0,Lack of opportunities in Nepal;Time management issues;Lack of networking,Frequently,Banking / Finance,Banking Sector ,,,,20.0,3.4,8.0,2.0,0,0,0,0,0,0,0,1,0,0,0,0,0,0,0,0,0,0,0,0,0,0,0,0,0,0,0,0,0,0,0,1,1,0,0,0,0,1,1,66.31944444444443,Medium
2026/07/02 9:12:00 AM GMT+5:45,Yes,16-18,Male,Lumbini,+2 Passed,Science,3.21 - 3.6,Preparing for Bachelor's,0 - 2 hrs,None yet,,,2.0,1.0,2.0,2.0,Financial problems;Lack of guidance or mentorship;Lack of opportunities in Nepal,Frequently,Teaching / Education,Government post,Maybe,,,17.0,3.4,1.0,2.0,0,0,0,0,0,1,0,0,0,0,0,0,0,0,0,0,0,0,0,0,0,0,0,0,0,0,0,0,1,1,0,0,1,0,0,0,0,0,0,15.833333333333332,Low
2026/07/02 2:57:09 PM GMT+5:45,Yes,,Female,Bagmati,+2 Passed,Management,3.21 - 3.6,Preparing for Bachelor's,6-10 hrs,AI / Machine Learning;Graphic Design,To get a job;Freelancing;Business / Startups,YouTube / free online videos;Institute or training center;Self-study from books/articles,4.0,4.0,4.0,4.0,Lack of guidance or mentorship;Lack of networking,Sometimes,IT / Technology,doing bachelors ,Maybe,Lack of practical education;Lack of mentorship and guidance;Brain drain (talented people leaving Nepal),"Start learning skills early, don't wait;Don't rely only on grades — build real skills;Network with people in your field of interest;Be consistent and patient",,3.4,8.0,1.0,1,0,0,0,1,0,0,0,0,0,0,1,1,0,0,0,0,1,0,0,1,0,0,0,0,1,1,0,0,1,0,1,0,0,0,0,0,0,2,62.01388888888889,Medium
2026/07/02 3:01:17 PM GMT+5:45,Yes,16-18,Female,Bagmati,+2 Passed,Management,2.81 - 3.2,Preparing for Bachelor's,3-5 hrs,Business / Entrepreneurship,Personal Interest,YouTube / free online videos,5.0,5.0,5.0,5.0,Lack of opportunities in Nepal;Time management issues,Sometimes,Business / Entrepreneurship,"I have a small request. I'm conducting a Data Science research project titled ""Career Readiness, Skill Development & Challenges Faced by SEE and +2 Graduates in Nepal.""  I'm collecting responses from SEE and +2 graduates across Nepal through a short 3-minute Google Form. The collected data will be analyzed using Python (Pandas, Matplotlib, and Seaborn), and I'll also build a ""Career Readiness Score model using basic machine learning.",Maybe,Brain drain (talented people leaving Nepal),"Start learning skills early, don't wait",17.0,3.0,4.0,1.0,0,1,0,0,0,0,0,0,0,0,0,0,0,0,0,1,0,0,0,0,0,0,0,0,0,0,1,0,0,0,0,0,1,0,0,0,0,1,1,74.65277777777777,High
2026/07/02 3:21:19 PM GMT+5:45,Yes,16-18,Female,Lumbini,+2 Passed,Management,3.21 - 3.6,Preparing for Bachelor's,More than 20 hrs,PUMAT ,University requirements,Institute or training center,5.0,5.0,5.0,5.0,Financial problems;Time management issues;Mental stress or anxiety,Sometimes,Study Abroad,I see Myself as a very successful person in about 5 years .,Maybe,Lack of practical education;Weak education system / outdated curriculum;Limited internship and job opportunities;Poor awareness of career options;Political instability affecting opportunities;Brain drain (talented people leaving Nepal),"Start learning skills early, don't wait;Build a portfolio or personal projects;Use free online resources (YouTube, Coursera, etc.);Don't rely only on grades — build real skills;Take care of your mental health;Be consistent and patient",17.0,3.4,25.0,1.0,0,0,0,0,0,0,1,0,0,0,0,0,0,0,0,0,0,0,1,0,1,0,0,0,0,0,0,0,1,0,0,0,0,1,0,0,0,1,0,86.66666666666666,High
2026/07/02 4:15:52 PM GMT+5:45,Yes,16-18,Male,Bagmati,+2 Passed,,3.21 - 3.6,Preparing for Bachelor's,3-5 hrs,Programming / Coding;Public Speaking / Communication,To get a job;Freelancing;Business / Startups,YouTube / free online videos;Self-study from books/articles,4.0,3.0,4.0,5.0,Financial problems;Lack of guidance or mentorship;Lack of opportunities in Nepal,Sometimes,Engineering,senior system engineer,No,Lack of practical education;Poor awareness of career options;Brain drain (talented people leaving Nepal),"Start learning skills early, don't wait;Build a portfolio or personal projects;Find a mentor or role model;Use free online resources (YouTube, Coursera, etc.)",17.0,3.4,4.0,1.0,0,0,0,0,0,0,0,1,1,0,0,1,1,0,0,0,0,1,0,0,0,0,0,0,0,1,1,0,1,1,0,0,1,0,0,0,0,0,2,60.76388888888889,Medium
2026/07/02 4:38:22 PM GMT+5:45,Yes,16-18,Female,Gandaki,+2 Passed,Management,2.81 - 3.2,Preparing for Bachelor's,0 - 2 hrs,None yet,To get a job,YouTube / free online videos,2.0,1.0,2.0,1.0,Financial problems;Lack of guidance or mentorship;Lack of opportunities in Nepal,Sometimes,Business / Entrepreneurship,i dont know ,Maybe,Brain drain (talented people leaving Nepal),Don't rely only on grades — build real skills,17.0,3.0,1.0,1.0,0,0,0,0,0,1,0,0,0,0,0,0,0,0,0,0,0,1,0,0,0,0,0,0,0,0,1,0,1,1,0,0,1,0,0,0,0,0,0,14.16666666666667,Low
2026/07/02 5:42:41 PM GMT+5:45,Yes,16-18,Male,Karnali,+2 Passed,Science,2.4 - 2.8,Preparing for Bachelor's,0 - 2 hrs,None yet,Personal Interest,YouTube / free online videos,5.0,2.0,3.0,3.0,Financial problems;Lack of opportunities in Nepal;Lack of networking,Frequently,IT / Technology,I don't know ,No,Limited internship and job opportunities,Explore career options before choosing a stream,17.0,2.6,1.0,2.0,0,0,0,0,0,1,0,0,0,0,0,0,0,0,0,1,0,0,0,0,0,0,0,0,0,0,1,0,1,0,0,1,1,0,0,0,0,0,0,42.08333333333334,Medium
2026/07/02 5:49:07 PM GMT+5:45,Yes,19-21,Male,Sudurpaschim,Diploma in engineering ,Civil,3.21 - 3.6,Preparing for Bachelor's,6-10 hrs,Business / Entrepreneurship,Personal Interest,YouTube / free online videos,5.0,5.0,5.0,5.0,Financial problems;Lack of opportunities in Nepal;Lack of networking,Sometimes,Engineering,As Gov 7th level engineer ,Yes,Lack of practical education;Political instability affecting opportunities,"Start learning skills early, don't wait;Use free online resources (YouTube, Coursera, etc.);Don't rely only on grades — build real skills;Network with people in your field of interest",20.0,3.4,8.0,1.0,0,1,0,0,0,0,0,0,0,0,0,0,0,0,0,1,0,0,0,0,0,0,0,0,0,0,1,0,1,0,0,1,1,0,0,0,0,0,1,77.15277777777776,High
2026/07/02 6:26:54 PM GMT+5:45,Yes,16-18,Male,Koshi,+2 Passed,Management,Above 3.6,Preparing for Bachelor's,0 - 2 hrs,None yet,,,4.0,4.0,1.0,5.0,Lack of motivation;Time management issues;Mental stress or anxiety,Frequently,Business / Entrepreneurship,Goals are not spoken; they are achieved.,No,Lack of practical education;Weak education system / outdated curriculum;Family and social pressure;Mental health and stress;Brain drain (talented people leaving Nepal),"Start learning skills early, don't wait;Don't rely only on grades — build real skills;Network with people in your field of interest",17.0,3.8,1.0,2.0,0,0,0,0,0,1,0,0,0,0,0,0,0,0,0,0,0,0,0,0,0,0,0,0,0,0,0,0,0,0,1,0,0,1,0,0,0,1,0,49.583333333333336,Medium
2026/07/02 7:06:22 PM GMT+5:45,Yes,16-18,Male,Lumbini,+2 Passed,Technical stream (electrical engineering),3.21 - 3.6,Preparing for Bachelor's,0 - 2 hrs,None yet,,,2.0,3.0,1.0,2.0,Financial problems;Lack of opportunities in Nepal;Lack of networking,Always,Engineering,Engineering graduate and fresher in related field ,No,Lack of practical education;Weak education system / outdated curriculum,Explore career options before choosing a stream,17.0,3.4,1.0,3.0,0,0,0,0,0,1,0,0,0,0,0,0,0,0,0,0,0,0,0,0,0,0,0,0,0,0,0,0,1,0,0,1,1,0,0,0,0,0,0,17.5,Low
2026/07/02 8:04:17 PM GMT+5:45,Yes,16-18,Female,Sudurpaschim,+2 Passed,Science,3.21 - 3.6,Preparing for Bachelor's,0 - 2 hrs,Programming / Coding,Personal Interest,YouTube / free online videos;Self-study from books/articles,2.0,3.0,2.0,3.0,Financial problems;Lack of guidance or mentorship;Mental stress or anxiety,Sometimes,Engineering,"In five years, I see myself as a skilled and responsible computer engineer working on real-world software and technology solutions. By then, I hope to have completed my engineering degree, gained practical experience through internships and projects, and developed strong programming and problem-solving skills. I also want to continue learning new technologies such as artificial intelligence, cybersecurity, and cloud computing. My long-term goal is to contribute to innovative projects that make people's lives easier while continuously improving my knowledge and growing both professionally and personally.",Maybe,Lack of practical education;Financial barriers;Limited internship and job opportunities;Poor awareness of career options;Poor internet and tech access in rural areas;Political instability affecting opportunities,"Start learning skills early, don't wait;Explore career options before choosing a stream;Don't rely only on grades — build real skills;Take care of your mental health",17.0,3.4,1.0,1.0,0,0,0,0,0,0,0,1,0,0,0,0,0,0,0,1,0,0,0,0,0,0,0,0,0,1,1,0,1,1,0,0,0,1,0,0,0,0,1,32.777777777777786,Low
2026/07/03 8:08:33 AM GMT+5:45,Yes,19-21,Male,Gandaki,+2 Passed,Management,3.21 - 3.6,Preparing for Bachelor's,0 - 2 hrs,None yet,,YouTube / free online videos,1.0,1.0,1.0,1.0,Lack of motivation;Lack of opportunities in Nepal;Time management issues;,Sometimes,IT / Technology,,Yes,Lack of practical education,"Start learning skills early, don't wait",20.0,3.4,1.0,1.0,0,0,0,0,0,1,0,0,0,0,0,0,0,0,0,0,0,0,0,0,0,0,0,0,0,0,1,0,0,0,1,0,1,0,0,0,0,1,0,6.666666666666668,Low
2026/07/03 10:29:22 AM GMT+5:45,Yes,16-18,Male,Lumbini,,,Above 3.6,Preparing for Bachelor's,11-20 hrs,Programming / Coding;Graphic Design;UI/UX Design;Public Speaking / Communication,Personal Interest,YouTube / free online videos,3.0,5.0,1.0,3.0,Financial problems;Lack of guidance or mentorship;Family pressure,Sometimes,Engineering,,No,Lack of practical education;Weak education system / outdated curriculum;Family and social pressure,"Start learning skills early, don't wait;Build a portfolio or personal projects;Use free online resources (YouTube, Coursera, etc.);Don't rely only on grades — build real skills",17.0,3.8,15.0,1.0,0,0,0,0,1,0,0,1,1,1,0,0,0,0,0,1,0,0,0,0,0,0,0,0,0,0,1,1,1,1,0,0,0,0,0,0,0,0,4,54.861111111111114,Medium
2026/07/03 9:30:29 PM GMT+5:45,Yes,16-18,Female,Karnali,+2 Passed,Management,3.21 - 3.6,Preparing for Bachelor's,0 - 2 hrs,None yet,Personal Interest,Self-study from books/articles,5.0,1.0,1.0,5.0,Financial problems;Lack of opportunities in Nepal;Time management issues,Sometimes,Banking / Finance,In nepal ,Maybe,Lack of practical education;Weak education system / outdated curriculum;Financial barriers;Lack of mentorship and guidance;Brain drain (talented people leaving Nepal),"Start learning skills early, don't wait;Focus on English communication",17.0,3.4,1.0,1.0,0,0,0,0,0,1,0,0,0,0,0,0,0,0,0,1,0,0,0,0,0,0,0,0,0,1,0,0,1,0,0,0,1,0,0,0,0,1,0,46.666666666666664,Medium
2026/07/03 9:42:44 PM GMT+5:45,Yes,16-18,Female,Gandaki,+2 Passed,Management,Above 3.6,Preparing for Bachelor's,,None yet,,,2.0,3.0,2.0,4.0,Financial problems;Lack of motivation;Lack of opportunities in Nepal;Mental stress or anxiety;Lack of networking,Sometimes,Business / Entrepreneurship,Doing business or in banking or finance sector,No,Lack of practical education;Weak education system / outdated curriculum;Lack of mentorship and guidance;Limited internship and job opportunities;Poor awareness of career options;Family and social pressure;Political instability affecting opportunities;Brain drain (talented people leaving Nepal),"Start learning skills early, don't wait;Focus on English communication;Explore career options before choosing a stream;Find a mentor or role model;Use free online resources (YouTube, Coursera, etc.);Don't rely only on grades — build real skills;Network with people in your field of interest;Take care of your mental health;Be consistent and patient",17.0,3.8,4.0,1.0,0,0,0,0,0,1,0,0,0,0,0,0,0,0,0,0,0,0,0,0,0,0,0,0,0,0,0,0,1,0,1,1,1,1,0,0,0,0,0,38.54166666666667,Low
2026/07/04 9:12:53 PM GMT+5:45,Yes,16-18,Male,Lumbini,+2 Passed,Science,3.21 - 3.6,Preparing for Bachelor's,0 - 2 hrs,None yet,University requirements,YouTube / free online videos,3.0,4.0,4.0,4.0,Financial problems;Lack of guidance or mentorship;Lack of motivation,Sometimes,Cyber security which is through BEIT in bachelor ,In nepal 😁😂,Maybe,Weak education system / outdated curriculum;Financial barriers;Poor awareness of career options;Political instability affecting opportunities,"Start learning skills early, don't wait;Explore career options before choosing a stream;Use free online resources (YouTube, Coursera, etc.);Don't rely only on grades — build real skills",17.0,3.4,1.0,1.0,0,0,0,0,0,1,0,0,0,0,0,0,0,0,0,0,0,0,1,0,0,0,0,0,0,0,1,0,1,1,1,0,0,0,0,0,0,0,0,50.416666666666664,Medium
2026/07/04 9:14:04 PM GMT+5:45,Yes,16-18,Female,Gandaki,+2 Passed,Management,3.21 - 3.6,Preparing for Bachelor's,3-5 hrs,None yet,To get a job,Self-study from books/articles,5.0,1.0,5.0,5.0,Lack of opportunities in Nepal;Mental stress or anxiety,Always,Business / Entrepreneurship,Sucess,Maybe,Political instability affecting opportunities,Be consistent and patient,17.0,3.4,4.0,3.0,0,0,0,0,0,1,0,0,0,0,0,0,0,0,0,0,0,1,0,0,0,0,0,0,0,1,0,0,0,0,0,0,1,1,0,0,0,0,0,51.87500000000001,Medium
2026/07/04 9:17:39 PM GMT+5:45,Yes,19-21,Male,Bagmati,+2 Passed,Science,3.21 - 3.6,Preparing for Bachelor's,3-5 hrs,Programming / Coding;Cyber security ,Personal Interest,"Paid online courses (Udemy, Coursera, etc.);Self-study from books/articles",5.0,4.0,3.0,5.0,Poor quality of education;Lack of opportunities in Nepal;Lack of networking,Always,Engineering,,Maybe,Limited internship and job opportunities;Poor awareness of career options;Brain drain (talented people leaving Nepal),Don't rely only on grades — build real skills,20.0,3.4,4.0,3.0,0,0,0,0,0,0,1,1,0,0,0,0,0,0,0,1,0,0,0,0,0,0,0,0,1,1,0,0,0,0,0,1,1,0,0,0,1,0,1,59.236111111111114,Medium
2026/07/05 6:39:27 AM GMT+5:45,Yes,16-18,Male,Madesh,Awaiting +2 Results,Management,Above 3.6,Preparing for Bachelor's,0 - 2 hrs,Video Editing / Content Creation,Personal Interest,YouTube / free online videos,3.0,4.0,2.0,4.0,Financial problems;Lack of guidance or mentorship;Lack of motivation;Time management issues,Always,IT / Technology,Being influencer / youtuber,Maybe,Lack of practical education;Weak education system / outdated curriculum;Lack of mentorship and guidance;Limited internship and job opportunities;Poor internet and tech access in rural areas;Political instability affecting opportunities;Brain drain (talented people leaving Nepal),Don't rely only on grades — build real skills,17.0,3.8,1.0,3.0,0,0,0,0,0,0,0,0,0,0,1,0,0,0,0,1,0,0,0,0,0,0,0,0,0,0,1,0,1,1,1,0,0,0,0,0,0,1,1,39.861111111111114,Low
2026/07/05 1:51:19 PM GMT+5:45,Yes,19-21,Male,Lumbini,+2 Passed,Science,3.21 - 3.6,Preparing for Bachelor's,6-10 hrs,Graphic Design;Video Editing / Content Creation,Personal Interest,YouTube / free online videos,5.0,3.0,5.0,5.0,Financial problems;Time management issues,Sometimes,Engineering,In USA for direct PhD ,Yes,Lack of practical education;Poor awareness of career options;Political instability affecting opportunities;Brain drain (talented people leaving Nepal),"Start learning skills early, don't wait;Build a portfolio or personal projects;Focus on English communication;Use free online resources (YouTube, Coursera, etc.);Don't rely only on grades — build real skills;Network with people in your field of interest;Take care of your mental health;Be consistent and patient",20.0,3.4,8.0,1.0,0,0,0,0,1,0,0,0,0,0,1,0,0,0,0,1,0,0,0,0,0,0,0,0,0,0,1,0,1,0,0,0,0,0,0,0,0,1,2,70.76388888888889,High
2026/07/07 9:31:35 PM GMT+5:45,Yes,19-21,Female,Gandaki,+2 Passed,Science,2.4 - 2.8,Preparing for Bachelor's,3-5 hrs,Graphic Design,Freelancing,Institute or training center,5.0,5.0,1.0,5.0,Financial problems;Family pressure;Lack of opportunities in Nepal,Always,Bhm,Idk,No,Lack of practical education;Family and social pressure;Political instability affecting opportunities,Don't rely only on grades — build real skills;Network with people in your field of interest;Be consistent and patient,20.0,2.6,4.0,3.0,0,0,0,0,1,0,0,0,0,0,0,0,1,0,0,0,0,0,0,0,1,0,0,0,0,0,0,1,1,0,0,0,1,0,0,0,0,0,1,57.986111111111114,Medium
2026/07/09 8:26:26 AM GMT+5:45,Yes,16-18,Male,Bagmati,+2 Passed,Science,3.21 - 3.6,Preparing for Bachelor's,3-5 hrs,Programming / Coding;Data Analyst / Data Science;AI / Machine Learning;Graphic Design,To get a job;Freelancing,YouTube / free online videos;Institute or training center,4.0,4.0,4.0,4.0,Lack of motivation;Mental stress or anxiety;Lack of networking,Sometimes,IT / Technology,Doing Bachelors ,Maybe,Lack of practical education;Political instability affecting opportunities;Brain drain (talented people leaving Nepal),"Start learning skills early, don't wait;Build a portfolio or personal projects;Explore career options before choosing a stream;Be consistent and patient",17.0,3.4,4.0,1.0,1,0,1,0,1,0,0,1,0,0,0,0,1,0,0,0,0,1,0,0,1,0,0,0,0,0,1,0,0,0,1,1,0,1,0,0,0,0,4,61.736111111111114,Medium
2026/07/09 8:28:39 AM GMT+5:45,Yes,19-21,Male,Bagmati,+2 Passed,,2.81 - 3.2,Studying Bachelor's;Learning professional skills,3-5 hrs,Graphic Design;UI/UX Design,To get a job;Freelancing,College or school;Mentor or teacher,4.0,4.0,3.0,4.0,Lack of guidance or mentorship;Family pressure;Poor internet access,Sometimes,IT / Technology,IDK,Maybe,Poor awareness of career options;Brain drain (talented people leaving Nepal),Focus on English communication;Explore career options before choosing a stream;Find a mentor or role model;Be consistent and patient,20.0,3.0,4.0,1.0,0,0,0,0,1,0,0,0,0,1,0,0,1,0,0,0,0,1,0,1,0,1,0,0,0,0,0,1,0,1,0,0,0,0,0,1,0,0,2,57.013888888888886,Medium
2026/07/09 8:40:24 AM GMT+5:45,Yes,19-21,Female,Bagmati,+2 Passed,Management,2.4 - 2.8,Gap Year,,Business / Entrepreneurship,Business / Startups,Self-study from books/articles;Mentor or teacher,4.0,4.0,4.0,4.0,Lack of opportunities in Nepal;Lack of networking,Frequently,Business / Entrepreneurship,idk,Maybe,Lack of practical education;Mental health and stress,Don't rely only on grades — build real skills;Network with people in your field of interest;Be consistent and patient,20.0,2.6,4.0,2.0,0,1,0,0,0,0,0,0,0,0,0,1,0,0,0,0,0,0,0,0,0,1,0,0,0,1,0,0,0,0,0,1,1,0,0,0,0,0,1,55.06944444444445,Medium
2026/07/09 4:37:11 PM GMT+5:45,Yes,16-18,Female,Madesh,+2 Passed,Humanities,2.81 - 3.2,Preparing for Bachelor's,3-5 hrs,Data Analyst / Data Science,To get a job;Freelancing,"Paid online courses (Udemy, Coursera, etc.)",2.0,3.0,3.0,3.0,Lack of motivation;Lack of networking,Sometimes,IT / Technology,DOING BACHELOR ,Yes,Lack of practical education,"Start learning skills early, don't wait;Build a portfolio or personal projects;Focus on English communication;Explore career options before choosing a stream;Find a mentor or role model;Use free online resources (YouTube, Coursera, etc.);Don't rely only on grades — build real skills",17.0,3.0,4.0,1.0,0,0,1,0,0,0,0,0,0,0,0,0,1,0,0,0,0,1,0,0,0,0,0,0,1,0,0,0,0,0,1,1,0,0,0,0,0,0,1,37.15277777777778,Low
2026/07/09 9:09:53 PM GMT+5:45,Yes,19-21,Male,Sudurpaschim,+2 Passed,Science,3.21 - 3.6,Preparing for Bachelor's,0 - 2 hrs,Programming / Coding;Data Analyst / Data Science;AI / Machine Learning,To get a job;Personal Interest;Study abroad preparation,YouTube / free online videos,5.0,5.0,5.0,5.0,Financial problems,Always,IT / Technology,..,Maybe,Weak education system / outdated curriculum;Limited internship and job opportunities;Political instability affecting opportunities,"Start learning skills early, don't wait;Focus on English communication",20.0,3.4,1.0,3.0,1,0,1,0,0,0,0,1,0,0,0,0,0,0,0,1,1,1,0,0,0,0,0,0,0,0,1,0,1,0,0,0,0,0,0,0,0,0,3,68.33333333333333,Medium
2026/07/09 9:42:52 PM GMT+5:45,Yes,22-25,Male,Sudurpaschim,+2 Passed,Management,3.21 - 3.6,Preparing for Bachelor's,0 - 2 hrs,Video Editing / Content Creation;Public Speaking / Communication,Personal Interest,Working ,5.0,3.0,3.0,5.0,Financial problems;Lack of guidance or mentorship,Sometimes,Business / Entrepreneurship,Hopefully in 5 years - I will be doing commentary for the national and international level in cricket and teaching financial literacy to people and helping them to take a right decision about financial.,No,Lack of practical education;Weak education system / outdated curriculum;Limited internship and job opportunities;Political instability affecting opportunities,"Start learning skills early, don't wait;Build a portfolio or personal projects;Use free online resources (YouTube, Coursera, etc.);Don't rely only on grades — build real skills;Take care of your mental health;Be consistent and patient",23.5,3.4,1.0,1.0,0,0,0,0,0,0,0,0,1,0,1,0,0,0,0,1,0,0,0,0,0,0,0,1,0,0,0,0,1,1,0,0,0,0,0,0,0,0,2,61.38888888888889,Medium
2026/07/13 3:39:04 PM GMT+5:45,Yes,19-21,Male,Koshi,SEE Passed,Just SEE Passed,3.21 - 3.6,Gap Year,3-5 hrs,None yet,not done yet,no i am not learning ,2.0,2.0,1.0,2.0,Poor quality of education,Sometimes,IT / Technology,doing bachelor ,Maybe,Limited internship and job opportunities,Don't rely only on grades — build real skills,20.0,3.4,4.0,1.0,0,0,0,0,0,1,0,0,0,0,0,0,0,1,0,0,0,0,0,0,0,0,1,0,0,0,0,0,0,0,0,0,0,0,0,0,1,0,0,22.291666666666668,Low
2026/07/13 3:40:30 PM GMT+5:45,Yes,19-21,Female,Bagmati,+2 Passed,Management,3.21 - 3.6,Preparing for Bachelor's,6-10 hrs,Programming / Coding,To get a job;Freelancing,"YouTube / free online videos;Paid online courses (Udemy, Coursera, etc.);Institute or training center;Self-study from books/articles",4.0,4.0,4.0,5.0,Financial problems;Mental stress or anxiety;Lack of networking,Sometimes,IT / Technology,doing bachelors ,Maybe,Political instability affecting opportunities;Brain drain (talented people leaving Nepal),"Start learning skills early, don't wait;Focus on English communication;Find a mentor or role model;Don't rely only on grades — build real skills;Take care of your mental health",20.0,3.4,8.0,1.0,0,0,0,0,0,0,0,1,0,0,0,0,1,0,0,0,0,1,0,0,1,0,0,0,1,1,1,0,1,0,0,1,0,1,0,0,0,0,1,65.90277777777777,Medium
2026/07/13 3:43:11 PM GMT+5:45,Yes,16-18,Female,Karnali,,Just SEE Passed,Above 3.6,Waiting for results,0 - 2 hrs,None yet,,,2.0,2.0,2.0,2.0,Lack of opportunities in Nepal,Sometimes,IT / Technology,bachelor ,Maybe,Family and social pressure;Mental health and stress,"Start learning skills early, don't wait;Build a portfolio or personal projects;Focus on English communication;Explore career options before choosing a stream;Find a mentor or role model;Use free online resources (YouTube, Coursera, etc.);Don't rely only on grades — build real skills;Network with people in your field of interest;Take care of your mental health;Be consistent and patient",17.0,3.8,1.0,1.0,0,0,0,0,0,1,0,0,0,0,0,0,0,0,0,0,0,0,0,0,0,0,0,0,0,0,0,0,0,0,0,0,1,0,0,0,0,0,0,22.916666666666664,Low
2026/07/13 3:49:40 PM GMT+5:45,Yes,19-21,Female,,SEE Passed,Management,2.81 - 3.2,Gap Year,0 - 2 hrs,None yet,,,1.0,1.0,1.0,1.0,,Never,Undecided,idk,No,Brain drain (talented people leaving Nepal),Be consistent and patient,20.0,3.0,1.0,0.0,0,0,0,0,0,1,0,0,0,0,0,0,0,0,0,0,0,0,0,0,0,0,0,0,0,0,0,0,0,0,0,0,0,0,0,0,0,0,0,10.0,Low
2026/07/13 3:56:18 PM GMT+5:45,Yes,16-18,Male,Bagmati,+2 Passed,Science,2.81 - 3.2,Preparing for Bachelor's,6-10 hrs,Data Analyst / Data Science;AI / Machine Learning;Graphic Design,To get a job;Freelancing;Personal Interest,"YouTube / free online videos;Paid online courses (Udemy, Coursera, etc.);Institute or training center;Self-study from books/articles",4.0,5.0,5.0,5.0,Financial problems;Lack of opportunities in Nepal;Mental stress or anxiety;Lack of networking,Sometimes,IT / Technology,Doing bachelor ,Maybe,Financial barriers;Lack of mentorship and guidance;Limited internship and job opportunities;Poor internet and tech access in rural areas;Brain drain (talented people leaving Nepal),"Start learning skills early, don't wait;Build a portfolio or personal projects;Don't rely only on grades — build real skills;Take care of your mental health;Be consistent and patient",17.0,3.0,8.0,1.0,1,0,1,0,1,0,0,0,0,0,0,0,1,0,0,1,0,1,0,0,1,0,0,0,1,1,1,0,1,0,0,1,1,1,0,0,0,0,3,74.375,High
2026/07/13 4:08:12 PM GMT+5:45,Yes,19-21,,Bagmati,Awaiting +2 Results,Science,Not Yet Graded,Waiting for results,3-5 hrs,Graphic Design;Video Editing / Content Creation,To get a job;Freelancing;Personal Interest,YouTube / free online videos;Institute or training center,4.0,4.0,4.0,4.0,Poor quality of education;Lack of opportunities in Nepal,Sometimes,IT / Technology,idk,Maybe,Lack of practical education,"Start learning skills early, don't wait;Don't rely only on grades — build real skills;Take care of your mental health",20.0,,4.0,1.0,0,0,0,0,1,0,0,0,0,0,1,0,1,0,0,1,0,1,0,0,1,0,0,0,0,0,1,0,0,0,0,0,1,0,0,0,1,0,2,59.5138888888889,Medium
2026/07/13 4:27:13 PM GMT+5:45,Yes,19-21,Female,Bagmati,,Humanities,3.21 - 3.6,Preparing for Bachelor's;Working / Freelancing,6-10 hrs,Video Editing / Content Creation,To get a job;Freelancing;Business / Startups,"YouTube / free online videos;Paid online courses (Udemy, Coursera, etc.);Institute or training center",4.0,4.0,3.0,3.0,Time management issues;Lack of networking,Sometimes,IT / Technology,idk,Maybe,Mental health and stress;Political instability affecting opportunities;Brain drain (talented people leaving Nepal),"Start learning skills early, don't wait;Don't rely only on grades — build real skills;Take care of your mental health",20.0,3.4,8.0,1.0,0,0,0,0,0,0,0,0,0,0,1,1,1,0,0,0,0,1,0,0,1,0,0,0,1,0,1,0,0,0,0,1,0,0,0,0,0,1,1,53.40277777777778,Medium
2026/07/14 9:11:25 AM GMT+5:45,Yes,16-18,Male,Madesh,+2 Passed,Management,2.4 - 2.8,Preparing for Bachelor's,3-5 hrs,Programming / Coding;Data Analyst / Data Science;AI / Machine Learning,To get a job;Freelancing;Personal Interest,YouTube / free online videos;Institute or training center;Self-study from books/articles,2.0,2.0,4.0,4.0,Financial problems;Lack of opportunities in Nepal,Sometimes,IT / Technology,Doing bachelor ,Maybe,Lack of practical education;Limited internship and job opportunities;Poor awareness of career options,"Start learning skills early, don't wait;Build a portfolio or personal projects;Don't rely only on grades — build real skills;Be consistent and patient",17.0,2.6,4.0,1.0,1,0,1,0,0,0,0,1,0,0,0,0,1,0,0,1,0,1,0,0,1,0,0,0,0,1,1,0,1,0,0,0,1,0,0,0,0,0,3,43.125,Medium
2026/07/14 9:21:18 AM GMT+5:45,Yes,16-18,Male,Karnali,+2 Passed,Science,2.81 - 3.2,Preparing for Bachelor's,0 - 2 hrs,Video Editing / Content Creation;Public Speaking / Communication,Personal Interest,YouTube / free online videos,3.0,3.0,3.0,3.0,Lack of guidance or mentorship;Lack of motivation;Time management issues,Sometimes,Engineering,I don't know ,Maybe,Lack of practical education;Weak education system / outdated curriculum,"Start learning skills early, don't wait;Use free online resources (YouTube, Coursera, etc.);Don't rely only on grades — build real skills;Network with people in your field of interest;Take care of your mental health;Be consistent and patient",17.0,3.0,1.0,1.0,0,0,0,0,0,0,0,0,1,0,1,0,0,0,0,1,0,0,0,0,0,0,0,0,0,0,1,0,0,1,1,0,0,0,0,0,0,1,2,41.388888888888886,Medium
2026/07/17 8:23:03 AM GMT+5:45,Yes,16-18,Female,Gandaki,SEE Passed,Humanities,3.21 - 3.6,Preparing for Bachelor's,6-10 hrs,Programming / Coding;AI / Machine Learning,To get a job;Freelancing;Personal Interest,"YouTube / free online videos;Paid online courses (Udemy, Coursera, etc.);Self-study from books/articles",4.0,3.0,4.0,4.0,Lack of motivation;Lack of opportunities in Nepal;Lack of networking,Sometimes,IT / Technology,Doing Bachelor ,Maybe,Lack of practical education;Weak education system / outdated curriculum;Brain drain (talented people leaving Nepal),"Start learning skills early, don't wait;Network with people in your field of interest;Take care of your mental health;Be consistent and patient",17.0,3.4,8.0,1.0,1,0,0,0,0,0,0,1,0,0,0,0,1,0,0,1,0,1,0,0,0,0,0,0,1,1,1,0,0,0,1,1,1,0,0,0,0,0,2,58.26388888888889,Medium
2026/07/17 8:25:03 AM GMT+5:45,Yes,Under 16,Male,Madesh,+2 Passed,Management,2.81 - 3.2,Preparing for Bachelor's,11-20 hrs,Video Editing / Content Creation;Public Speaking / Communication,To get a job;Freelancing;Personal Interest,"YouTube / free online videos;Paid online courses (Udemy, Coursera, etc.);Self-study from books/articles",4.0,4.0,4.0,4.0,Financial problems;Lack of guidance or mentorship;Time management issues;Lack of networking,Sometimes,IT / Technology,Doing Bachelor ,Maybe,Lack of practical education;Weak education system / outdated curriculum;Limited internship and job opportunities;Political instability affecting opportunities,"Start learning skills early, don't wait;Build a portfolio or personal projects;Focus on English communication;Be consistent and patient",15.0,3.0,15.0,1.0,0,0,0,0,0,0,0,0,1,0,1,0,1,0,0,1,0,1,0,0,0,0,0,0,1,1,1,0,1,1,0,1,0,0,0,0,0,1,2,66.3888888888889,Medium
2026/07/17 8:27:04 AM GMT+5:45,Yes,19-21,Female,Madesh,Awaiting +2 Results,Management,Not Yet Graded,Learning professional skills;Working / Freelancing,6-10 hrs,UI/UX Design;Digital Marketing / SEO;Public Speaking / Communication,To get a job;Freelancing;Business / Startups,"YouTube / free online videos;Paid online courses (Udemy, Coursera, etc.);Self-study from books/articles",4.0,3.0,4.0,3.0,Financial problems;Poor internet access;Lack of networking,Sometimes,IT / Technology,Doing Bachelors ,Maybe,Lack of practical education;Weak education system / outdated curriculum;Limited internship and job opportunities;Political instability affecting opportunities,"Start learning skills early, don't wait;Be consistent and patient",20.0,,8.0,1.0,0,0,0,1,0,0,0,0,1,1,0,1,1,0,0,0,0,1,0,0,0,0,0,0,1,1,1,0,1,0,0,1,0,0,0,1,0,0,3,54.37500000000001,Medium
2026/07/17 9:49:58 AM GMT+5:45,Yes,16-18,Male,Madesh,+2 Passed,Management,2.4 - 2.8,Preparing for Bachelor's,3-5 hrs,Programming / Coding,To get a job,YouTube / free online videos,3.0,4.0,4.0,5.0,Financial problems;Poor quality of education;Poor internet access;Lack of networking,Frequently,IT / Technology,Doing bachelor ,Maybe,Lack of practical education;Weak education system / outdated curriculum;Lack of mentorship and guidance,"Start learning skills early, don't wait;Explore career options before choosing a stream;Find a mentor or role model;Use free online resources (YouTube, Coursera, etc.);Don't rely only on grades — build real skills",17.0,2.6,4.0,2.0,0,0,0,0,0,0,0,1,0,0,0,0,0,0,0,0,0,1,0,0,0,0,0,0,0,0,1,0,1,0,0,1,0,0,0,1,1,0,1,55.069444444444436,Medium
2026/07/17 9:51:35 AM GMT+5:45,Yes,19-21,Male,Bagmati,+2 Passed,Management,3.21 - 3.6,Preparing for Bachelor's,0 - 2 hrs,Data Analyst / Data Science;Graphic Design;Public Speaking / Communication,Personal Interest,Institute or training center;Mentor or teacher,5.0,5.0,5.0,5.0,Financial problems;Lack of opportunities in Nepal,Frequently,IT / Technology,,Maybe,Lack of practical education;Weak education system / outdated curriculum;Financial barriers,Be consistent and patient,20.0,3.4,1.0,2.0,0,0,1,0,1,0,0,0,1,0,0,0,0,0,0,1,0,0,0,0,1,1,0,0,0,0,0,0,1,0,0,0,1,0,0,0,0,0,3,71.66666666666666,High
2026/07/17 9:54:22 AM GMT+5:45,Yes,16-18,Female,Gandaki,+2 Passed,Humanities,3.21 - 3.6,Waiting for results;Preparing for Bachelor's;Preparing to study abroad,6-10 hrs,Programming / Coding;Data Analyst / Data Science;AI / Machine Learning,To get a job;Freelancing,"Paid online courses (Udemy, Coursera, etc.);Mentor or teacher",4.0,3.0,4.0,4.0,Lack of motivation;Family pressure,Sometimes,IT / Technology,Doing bachelor ,Maybe,Lack of practical education;Weak education system / outdated curriculum;Political instability affecting opportunities;Brain drain (talented people leaving Nepal),"Start learning skills early, don't wait;Use free online resources (YouTube, Coursera, etc.);Network with people in your field of interest;Take care of your mental health",17.0,3.4,8.0,1.0,1,0,1,0,0,0,0,1,0,0,0,0,1,0,0,0,0,1,0,0,0,1,0,0,1,0,0,1,0,0,1,0,0,0,0,0,0,0,3,59.375000000000014,Medium
2026/07/17 10:16:43 AM GMT+5:45,Yes,16-18,Female,Bagmati,+2 Passed,Management,2.81 - 3.2,Studying Bachelor's,6-10 hrs,Data Analyst / Data Science,To get a job;Freelancing,"YouTube / free online videos;Paid online courses (Udemy, Coursera, etc.);College or school;Self-study from books/articles",4.0,4.0,4.0,4.0,Financial problems;Poor internet access;Lack of opportunities in Nepal;Time management issues,Sometimes,IT / Technology,Doing Bachelor ,Maybe,Lack of mentorship and guidance;Limited internship and job opportunities;Political instability affecting opportunities,"Use free online resources (YouTube, Coursera, etc.);Don't rely only on grades — build real skills",17.0,3.0,8.0,1.0,0,0,1,0,0,0,0,0,0,0,0,0,1,0,0,0,0,1,0,1,0,0,0,0,1,1,1,0,1,0,0,0,1,0,0,1,0,1,1,60.90277777777777,Medium
2026/07/17 10:20:28 AM GMT+5:45,Yes,16-18,Female,Bagmati,+2 Passed,Science,2.81 - 3.2,Waiting for results;Preparing for Bachelor's;Working / Freelancing,6-10 hrs,Programming / Coding;Data Analyst / Data Science;AI / Machine Learning;Graphic Design,To get a job;Freelancing,"YouTube / free online videos;Paid online courses (Udemy, Coursera, etc.)",4.0,4.0,4.0,4.0,Financial problems;Lack of motivation;Mental stress or anxiety,Sometimes,IT / Technology,Doing bachelor ,Maybe,Lack of practical education;Weak education system / outdated curriculum;Lack of mentorship and guidance;Poor internet and tech access in rural areas;Brain drain (talented people leaving Nepal),"Start learning skills early, don't wait;Explore career options before choosing a stream;Network with people in your field of interest;Be consistent and patient",17.0,3.0,8.0,1.0,1,0,1,0,1,0,0,1,0,0,0,0,1,0,0,0,0,1,0,0,0,0,0,0,1,0,1,0,1,0,1,0,0,1,0,0,0,0,4,64.2361111111111,Medium
2026/07/17 10:27:12 AM GMT+5:45,Yes,19-21,Female,Bagmati,+2 Passed,Management,2.81 - 3.2,Waiting for results;Preparing for Bachelor's;Preparing to study abroad,6-10 hrs,Programming / Coding;Data Analyst / Data Science;AI / Machine Learning,To get a job;Freelancing;Business / Startups,"YouTube / free online videos;Paid online courses (Udemy, Coursera, etc.);Institute or training center",3.0,4.0,4.0,4.0,Financial problems;Lack of guidance or mentorship;Poor quality of education;Poor internet access;Mental stress or anxiety;Lack of networking,Sometimes,IT / Technology,Doing bachelor ,Maybe,Lack of practical education;Limited internship and job opportunities,"Use free online resources (YouTube, Coursera, etc.);Don't rely only on grades — build real skills",20.0,3.0,8.0,1.0,1,0,1,0,0,0,0,1,0,0,0,1,1,0,0,0,0,1,0,0,1,0,0,0,1,0,1,0,1,1,0,1,0,1,0,1,1,0,3,58.12500000000001,Medium
2026/07/17 10:40:07 AM GMT+5:45,Yes,19-21,Male,Madesh,+2 Passed,Science,3.21 - 3.6,Preparing for Bachelor's,0 - 2 hrs,None yet,To get a job;Freelancing,YouTube / free online videos;Institute or training center;Self-study from books/articles,4.0,4.0,4.0,4.0,Financial problems;Lack of guidance or mentorship;Lack of motivation;Mental stress or anxiety,Frequently,IT / Technology,USA or London ,No,Weak education system / outdated curriculum;Financial barriers;Lack of mentorship and guidance;Limited internship and job opportunities;Poor awareness of career options;Brain drain (talented people leaving Nepal),"Start learning skills early, don't wait;Build a portfolio or personal projects;Focus on English communication;Explore career options before choosing a stream;Use free online resources (YouTube, Coursera, etc.);Don't rely only on grades — build real skills;Network with people in your field of interest;Take care of your mental health;Be consistent and patient",20.0,3.4,1.0,2.0,0,0,0,0,0,1,0,0,0,0,0,0,1,0,0,0,0,1,0,0,1,0,0,0,0,1,1,0,1,1,1,0,0,1,0,0,0,0,0,52.083333333333336,Medium
2026/07/17 11:02:25 AM GMT+5:45,Yes,16-18,Female,Koshi,+2 Passed,Science,2.81 - 3.2,Preparing for Bachelor's,6-10 hrs,Digital Marketing / SEO;Public Speaking / Communication,To get a job;Business / Startups;Personal Interest,"YouTube / free online videos;Paid online courses (Udemy, Coursera, etc.);Self-study from books/articles",4.0,4.0,4.0,4.0,Financial problems;Lack of opportunities in Nepal;Time management issues,Frequently,IT / Technology,Doing Bachelor ,Maybe,Lack of practical education;Weak education system / outdated curriculum;Lack of mentorship and guidance,"Start learning skills early, don't wait;Don't rely only on grades — build real skills;Take care of your mental health;Be consistent and patient",17.0,3.0,8.0,2.0,0,0,0,1,0,0,0,0,1,0,0,1,0,0,0,1,0,1,0,0,0,0,0,0,1,1,1,0,1,0,0,0,1,0,0,0,0,1,2,58.68055555555556,Medium
2026/07/17 11:03:13 AM GMT+5:45,Yes,19-21,Male,Sudurpaschim,+2 Passed,Science,3.21 - 3.6,Preparing for Bachelor's,0 - 2 hrs,None yet,Personal Interest,YouTube / free online videos,2.0,2.0,3.0,3.0,Financial problems;Lack of motivation;Mental stress or anxiety,Always,Engineering,Unemployed in Nepal 😭,No,Lack of practical education;Weak education system / outdated curriculum;Poor awareness of career options;Political instability affecting opportunities,"Start learning skills early, don't wait;Use free online resources (YouTube, Coursera, etc.);Don't rely only on grades — build real skills;Take care of your mental health",20.0,3.4,1.0,3.0,0,0,0,0,0,1,0,0,0,0,0,0,0,0,0,1,0,0,0,0,0,0,0,0,0,0,1,0,1,0,1,0,0,1,0,0,0,0,0,23.75,Low
2026/07/18 12:30:30 PM GMT+5:45,Yes,19-21,Female,Bagmati,+2 Passed,Science,2.4 - 2.8,Preparing for Bachelor's;Preparing to study abroad,3-5 hrs,Video Editing / Content Creation;Public Speaking / Communication,Study abroad preparation;Side hobby ,YouTube / free online videos;Self-study from books/articles,3.0,4.0,3.0,3.0,Financial problems;Family pressure;Lack of opportunities in Nepal;Time management issues;Mental stress or anxiety,Always,Study Abroad,Idk probably somewhere abroad ,No,Weak education system / outdated curriculum;Financial barriers;Family and social pressure;Mental health and stress,"Start learning skills early, don't wait;Explore career options before choosing a stream;Use free online resources (YouTube, Coursera, etc.)",20.0,2.6,4.0,3.0,0,0,0,0,0,0,0,0,1,0,1,0,0,0,1,0,1,0,0,0,0,0,0,0,0,1,1,1,1,0,0,0,1,1,0,0,0,1,2,40.34722222222222,Medium
2026/07/18 12:41:17 PM GMT+5:45,Yes,16-18,Female,Madesh,+2 Passed,Management,3.21 - 3.6,Preparing for Bachelor's;Learning professional skills,6-10 hrs,Video Editing / Content Creation;Public Speaking / Communication,To get a job;Freelancing;Personal Interest,"YouTube / free online videos;Paid online courses (Udemy, Coursera, etc.);College or school",4.0,4.0,4.0,4.0,Financial problems;Lack of guidance or mentorship;Lack of opportunities in Nepal,Sometimes,IT / Technology,Doing Bachelors ,Maybe,Lack of practical education;Lack of mentorship and guidance;Limited internship and job opportunities;Brain drain (talented people leaving Nepal),"Start learning skills early, don't wait;Build a portfolio or personal projects;Take care of your mental health;Be consistent and patient",17.0,3.4,8.0,1.0,0,0,0,0,0,0,0,0,1,0,1,0,1,0,0,1,0,1,0,1,0,0,0,0,1,0,1,0,1,1,0,0,1,0,0,0,0,0,2,62.01388888888889,Medium
2026/07/18 12:42:44 PM GMT+5:45,Yes,16-18,Male,Bagmati,,Just SEE Passed,Above 3.6,Preparing for Bachelor's,3-5 hrs,Video Editing / Content Creation,,YouTube / free online videos;Institute or training center,4.0,4.0,4.0,4.0,Financial problems;Time management issues;Mental stress or anxiety,Sometimes,Engineering,Doing Bachelors ,Maybe,Weak education system / outdated curriculum;Limited internship and job opportunities;Brain drain (talented people leaving Nepal),"Start learning skills early, don't wait;Take care of your mental health;Be consistent and patient",17.0,3.8,4.0,1.0,0,0,0,0,0,0,0,0,0,0,1,0,0,0,0,0,0,0,0,0,1,0,0,0,0,0,1,0,1,0,0,0,0,1,0,0,0,1,1,58.40277777777778,Medium
2026/07/18 2:51:44 PM GMT+5:45,Yes,16-18,Male,Bagmati,+2 Passed,Management,3.21 - 3.6,Preparing for Bachelor's,3-5 hrs,Public Speaking / Communication,Personal Interest;Study abroad preparation,Self-study from books/articles,3.0,4.0,4.0,3.0,Lack of guidance or mentorship;Lack of motivation;Poor quality of education;Lack of networking,Sometimes,IT / Technology,Doing bachelor ,Maybe,Lack of practical education;Lack of mentorship and guidance;Limited internship and job opportunities;Brain drain (talented people leaving Nepal),"Start learning skills early, don't wait;Don't rely only on grades — build real skills;Be consistent and patient",17.0,3.4,4.0,1.0,0,0,0,0,0,0,0,0,1,0,0,0,0,0,0,1,1,0,0,0,0,0,0,0,0,1,0,0,0,1,1,1,0,0,0,0,1,0,1,48.40277777777777,Medium
2026/07/18 2:53:19 PM GMT+5:45,Yes,16-18,Female,Bagmati,+2 Passed,Management,2.4 - 2.8,Gap Year,0 - 2 hrs,None yet,Nothing ,No where ,4.0,4.0,4.0,4.0,Lack of guidance or mentorship;Mental stress or anxiety;Lack of networking,Sometimes,IT / Technology,IDK,Maybe,Weak education system / outdated curriculum;Lack of mentorship and guidance;Brain drain (talented people leaving Nepal),"Start learning skills early, don't wait;Don't rely only on grades — build real skills;Be consistent and patient",17.0,2.6,1.0,1.0,0,0,0,0,0,1,0,0,0,0,0,0,0,1,0,0,0,0,0,0,0,0,1,0,0,0,0,0,0,1,0,1,0,1,0,0,0,0,0,55.41666666666667,Medium
2026/07/18 3:57:02 PM GMT+5:45,Yes,19-21,Female,Bagmati,Awaiting +2 Results,Management,2.81 - 3.2,Waiting for results,0 - 2 hrs,None yet,Not learning ,Not learning ,2.0,2.0,4.0,5.0,Lack of networking,Sometimes,Undecided,Abroad ,Maybe,Lack of practical education,"Start learning skills early, don't wait",20.0,3.0,1.0,1.0,0,0,0,0,0,1,0,0,0,0,0,0,0,1,0,0,0,0,0,0,0,0,1,0,0,0,0,0,0,0,0,1,0,0,0,0,0,0,0,42.91666666666667,Medium
2026/07/18 4:05:02 PM GMT+5:45,Yes,19-21,Female,Bagmati,+2 Passed,Management,3.21 - 3.6,Preparing for Bachelor's;Learning professional skills,0 - 2 hrs,Graphic Design;Digital Marketing / SEO,To get a job;Business / Startups;Personal Interest,YouTube / free online videos;Institute or training center,4.0,4.0,4.0,4.0,Lack of motivation;Lack of networking,Sometimes,IT / Technology,Don't know ,Maybe,Lack of practical education;Limited internship and job opportunities;Family and social pressure,"Start learning skills early, don't wait",20.0,3.4,1.0,1.0,0,0,0,1,1,0,0,0,0,0,0,1,0,0,0,1,0,1,0,0,1,0,0,0,0,0,1,0,0,0,1,1,0,0,0,0,0,0,2,57.63888888888889,Medium
2026/07/18 4:07:51 PM GMT+5:45,Yes,19-21,Female,Bagmati,+2 Passed,Science,2.81 - 3.2,Preparing for Bachelor's;Preparing to study abroad,0 - 2 hrs,AI / Machine Learning;Graphic Design,To get a job;Freelancing;Business / Startups;Personal Interest,"YouTube / free online videos;Paid online courses (Udemy, Coursera, etc.);Institute or training center",4.0,4.0,4.0,3.0,Lack of guidance or mentorship;Lack of motivation;Lack of networking,Sometimes,IT / Technology,Don't know ,Maybe,Lack of practical education;Poor awareness of career options,"Start learning skills early, don't wait;Build a portfolio or personal projects",20.0,3.0,1.0,1.0,1,0,0,0,1,0,0,0,0,0,0,1,1,0,0,1,0,1,0,0,1,0,0,0,1,0,1,0,0,1,1,1,0,0,0,0,0,0,2,52.63888888888889,Medium
2026/07/18 4:12:15 PM GMT+5:45,Yes,16-18,Male,Bagmati,SEE Passed,Just SEE Passed,3.21 - 3.6,Study in school ,0 - 2 hrs,Graphic Design;Video Editing / Content Creation,Personal Interest,YouTube / free online videos,4.0,3.0,3.0,4.0,Financial problems;Lack of guidance or mentorship;Lack of motivation,Sometimes,IT / Technology,Working in Nepali Company ,No,Lack of practical education;Financial barriers;Lack of mentorship and guidance,"Start learning skills early, don't wait;Network with people in your field of interest",17.0,3.4,1.0,1.0,0,0,0,0,1,0,0,0,0,0,1,0,0,0,0,1,0,0,0,0,0,0,0,0,0,0,1,0,1,1,1,0,0,0,0,0,0,0,2,51.38888888888889,Medium
2026/07/18 4:16:03 PM GMT+5:45,Yes,19-21,Male,Bagmati,+2 Passed,Management,3.21 - 3.6,Gap Year,0 - 2 hrs,Business / Entrepreneurship,Business / Startups;Personal Interest,Institute or training center,3.0,4.0,4.0,4.0,Lack of guidance or mentorship;Lack of opportunities in Nepal;Lack of networking,Sometimes,Business / Entrepreneurship,Starting a business ,Maybe,Lack of practical education;Lack of mentorship and guidance;Limited internship and job opportunities,Network with people in your field of interest,20.0,3.4,1.0,1.0,0,1,0,0,0,0,0,0,0,0,0,1,0,0,0,1,0,0,0,0,1,0,0,0,0,0,0,0,0,1,0,1,1,0,0,0,0,0,1,51.527777777777786,Medium
2026/07/18 10:43:09 PM GMT+5:45,Yes,16-18,Female,Madesh,+2 Passed,Humanities,3.21 - 3.6,Preparing for Bachelor's;Learning professional skills,6-10 hrs,Programming / Coding,To get a job;Freelancing,YouTube / free online videos;Self-study from books/articles,4.0,4.0,4.0,3.0,Lack of guidance or mentorship;Poor quality of education;Lack of opportunities in Nepal,Frequently,IT / Technology,Idk,Maybe,Financial barriers;Lack of mentorship and guidance,"Start learning skills early, don't wait;Focus on English communication;Find a mentor or role model",17.0,3.4,8.0,2.0,0,0,0,0,0,0,0,1,0,0,0,0,1,0,0,0,0,1,0,0,0,0,0,0,0,1,1,0,0,1,0,0,1,0,0,0,1,0,1,52.56944444444444,Medium
2026/07/18 10:44:43 PM GMT+5:45,Yes,16-18,Male,Koshi,+2 Passed,Science,3.21 - 3.6,Preparing for Bachelor's;Preparing to study abroad,0 - 2 hrs,None yet,Study abroad preparation,YouTube / free online videos,4.0,4.0,3.0,3.0,Financial problems;Lack of guidance or mentorship;Poor quality of education;Poor internet access,Frequently,IT / Technology,Doing bachelor ,Maybe,Lack of practical education;Weak education system / outdated curriculum;Financial barriers,"Start learning skills early, don't wait;Explore career options before choosing a stream;Find a mentor or role model;Use free online resources (YouTube, Coursera, etc.);Don't rely only on grades — build real skills;Network with people in your field of interest",17.0,3.4,1.0,2.0,0,0,0,0,0,1,0,0,0,0,0,0,0,0,0,0,1,0,0,0,0,0,0,0,0,0,1,0,1,1,0,0,0,0,0,1,1,0,0,44.58333333333333,Medium
2026/07/18 10:46:39 PM GMT+5:45,Yes,16-18,Female,Gandaki,+2 Passed,Management,Above 3.6,Preparing for Bachelor's;Working / Freelancing,6-10 hrs,Programming / Coding;Data Analyst / Data Science,To get a job;Freelancing;Business / Startups,"YouTube / free online videos;Paid online courses (Udemy, Coursera, etc.);Institute or training center",4.0,3.0,3.0,3.0,Lack of guidance or mentorship;Poor quality of education;Poor internet access;Lack of opportunities in Nepal;Time management issues;Mental stress or anxiety;Lack of networking,Sometimes,IT / Technology,Purchasing Bachelor in it field ,Maybe,Weak education system / outdated curriculum;Lack of mentorship and guidance;Limited internship and job opportunities;Poor awareness of career options;Brain drain (talented people leaving Nepal),Build a portfolio or personal projects;Explore career options before choosing a stream;Be consistent and patient,17.0,3.8,8.0,1.0,0,0,1,0,0,0,0,1,0,0,0,1,1,0,0,0,0,1,0,0,1,0,0,0,1,0,1,0,0,1,0,1,1,1,0,1,1,1,2,50.763888888888886,Medium
2026/07/18 10:47:59 PM GMT+5:45,Yes,19-21,Male,Madesh,+2 Passed,Management,2.4 - 2.8,Gap Year,6-10 hrs,Programming / Coding;Data Analyst / Data Science;AI / Machine Learning,To get a job;Freelancing;Business / Startups,YouTube / free online videos;Self-study from books/articles,4.0,4.0,4.0,4.0,Lack of guidance or mentorship;Family pressure;Mental stress or anxiety,Sometimes,IT / Technology,Doing bachelor ,Maybe,Lack of practical education;Lack of mentorship and guidance;Limited internship and job opportunities;Political instability affecting opportunities,"Start learning skills early, don't wait;Explore career options before choosing a stream;Take care of your mental health;Be consistent and patient",20.0,2.6,8.0,1.0,1,0,1,0,0,0,0,1,0,0,0,1,1,0,0,0,0,1,0,0,0,0,0,0,0,1,1,1,0,1,0,0,0,1,0,0,0,0,3,63.125,Medium
2026/07/18 10:49:30 PM GMT+5:45,Yes,16-18,Female,Gandaki,Awaiting +2 Results,Management,Not Yet Graded,Waiting for results,0 - 2 hrs,None yet,Not yet Sure,Not learning ,1.0,2.0,1.0,2.0,Financial problems;Lack of motivation;Mental stress or anxiety,Sometimes,IT / Technology,IDK,Maybe,Lack of practical education;Lack of mentorship and guidance;Limited internship and job opportunities;Political instability affecting opportunities;Brain drain (talented people leaving Nepal),"Start learning skills early, don't wait;Use free online resources (YouTube, Coursera, etc.);Network with people in your field of interest;Take care of your mental health;Be consistent and patient",17.0,,1.0,1.0,0,0,0,0,0,1,0,0,0,0,0,0,0,1,0,0,0,0,0,0,0,0,1,0,0,0,0,0,1,0,1,0,0,1,0,0,0,0,0,15.416666666666668,Low
2026/07/18 10:50:42 PM GMT+5:45,Yes,22-25,Female,Gandaki,+2 Passed,Humanities,2.81 - 3.2,Preparing for Bachelor's;Learning professional skills,3-5 hrs,Public Speaking / Communication;Business / Entrepreneurship,Business / Startups;Personal Interest,YouTube / free online videos;Self-study from books/articles,4.0,4.0,4.0,4.0,Financial problems;Lack of guidance or mentorship;Poor quality of education,Sometimes,IT / Technology,Doing bachelor maybe ,Maybe,Lack of practical education;Weak education system / outdated curriculum;Limited internship and job opportunities,"Start learning skills early, don't wait;Explore career options before choosing a stream;Don't rely only on grades — build real skills;Be consistent and patient",23.5,3.0,4.0,1.0,0,1,0,0,0,0,0,0,1,0,0,1,0,0,0,1,0,0,0,0,0,0,0,0,0,1,1,0,1,1,0,0,0,0,0,0,1,0,2,59.5138888888889,Medium
2026/07/18 10:52:05 PM GMT+5:45,Yes,16-18,Male,Koshi,+2 Passed,Science,2.4 - 2.8,Preparing for Bachelor's,6-10 hrs,AI / Machine Learning;Graphic Design;UI/UX Design,To get a job;Freelancing;Business / Startups,"YouTube / free online videos;Paid online courses (Udemy, Coursera, etc.);Institute or training center",3.0,4.0,4.0,5.0,Financial problems;Lack of guidance or mentorship;Lack of motivation;Family pressure;Time management issues,Sometimes,IT / Technology,Doing bachelor and job ,Maybe,Lack of practical education;Weak education system / outdated curriculum;Financial barriers;Lack of mentorship and guidance;Limited internship and job opportunities;Poor awareness of career options;Mental health and stress;Political instability affecting opportunities,"Start learning skills early, don't wait;Build a portfolio or personal projects;Explore career options before choosing a stream;Find a mentor or role model;Be consistent and patient",17.0,2.6,8.0,1.0,1,0,0,0,1,0,0,0,0,1,0,1,1,0,0,0,0,1,0,0,1,0,0,0,1,0,1,1,1,1,1,0,0,0,0,0,0,1,3,63.125,Medium
2026/07/18 10:53:20 PM GMT+5:45,Yes,16-18,Male,Gandaki,+2 Passed,Management,3.21 - 3.6,Preparing for Bachelor's;Learning professional skills;Working / Freelancing,3-5 hrs,Data Analyst / Data Science;Business / Entrepreneurship,To get a job;Freelancing;Business / Startups;Personal Interest,YouTube / free online videos;Institute or training center,4.0,4.0,4.0,3.0,Financial problems;Poor quality of education;Poor internet access,Frequently,IT / Technology,Donnt know ,Maybe,Lack of practical education;Weak education system / outdated curriculum;Financial barriers;Brain drain (talented people leaving Nepal),"Start learning skills early, don't wait;Build a portfolio or personal projects;Focus on English communication;Network with people in your field of interest;Take care of your mental health;Be consistent and patient",17.0,3.4,4.0,2.0,0,1,1,0,0,0,0,0,0,0,0,1,1,0,0,1,0,1,0,0,1,0,0,0,0,0,1,0,1,0,0,0,0,0,0,1,1,0,2,51.18055555555555,Medium
2026/07/18 10:54:23 PM GMT+5:45,Yes,19-21,Female,Lumbini,+2 Passed,Humanities,3.21 - 3.6,Waiting for results,3-5 hrs,Programming / Coding;Digital Marketing / SEO,To get a job;Freelancing;Business / Startups;Personal Interest,College or school,3.0,5.0,2.0,2.0,Financial problems,Sometimes,IT / Technology,Bachelor ,Maybe,Weak education system / outdated curriculum;Financial barriers,"Start learning skills early, don't wait;Focus on English communication",20.0,3.4,4.0,1.0,0,0,0,1,0,0,0,1,0,0,0,1,1,0,0,1,0,1,0,1,0,0,0,0,0,0,0,0,1,0,0,0,0,0,0,0,0,0,2,43.26388888888889,Medium
2026/07/18 10:55:32 PM GMT+5:45,Yes,16-18,Female,Koshi,SEE Passed,Just SEE Passed,2.4 - 2.8,Preparing to study abroad,6-10 hrs,Programming / Coding,To get a job;Freelancing;University requirements;Study abroad preparation,"YouTube / free online videos;Paid online courses (Udemy, Coursera, etc.)",4.0,5.0,5.0,5.0,Lack of guidance or mentorship;Mental stress or anxiety;Lack of networking,Frequently,IT / Technology,Doing bachelor in abroad ,Maybe,Lack of practical education;Financial barriers,Build a portfolio or personal projects;Take care of your mental health;Be consistent and patient,17.0,2.6,8.0,2.0,0,0,0,0,0,0,0,1,0,0,0,0,1,0,0,0,1,1,1,0,0,0,0,0,1,0,1,0,0,1,0,1,0,1,0,0,0,0,1,68.81944444444444,Medium
2026/07/18 10:56:31 PM GMT+5:45,Yes,19-21,Female,Gandaki,Awaiting +2 Results,Management,Below 2.4,,11-20 hrs,AI / Machine Learning,To get a job;Freelancing,YouTube / free online videos,4.0,3.0,3.0,4.0,Lack of guidance or mentorship;Lack of motivation;Poor quality of education;Poor internet access,Never,IT / Technology,Dk,Maybe,Lack of practical education;Weak education system / outdated curriculum;Financial barriers,"Start learning skills early, don't wait;Focus on English communication",20.0,2.2,15.0,0.0,1,0,0,0,0,0,0,0,0,0,0,0,1,0,0,0,0,1,0,0,0,0,0,0,0,0,1,0,0,1,1,0,0,0,0,1,1,0,1,62.361111111111114,Medium
2026/07/18 10:57:41 PM GMT+5:45,Yes,Under 16,Female,Koshi,SEE Passed,Just SEE Passed,2.4 - 2.8,Learning professional skills,3-5 hrs,Public Speaking / Communication,To get a job;Freelancing,YouTube / free online videos;Institute or training center,4.0,4.0,4.0,3.0,Financial problems;Lack of guidance or mentorship;Family pressure,Sometimes,IT / Technology,Do ING bachelor ,Maybe,Lack of practical education,"Start learning skills early, don't wait;Focus on English communication;Explore career options before choosing a stream;Be consistent and patient",15.0,2.6,4.0,1.0,0,0,0,0,0,0,0,0,1,0,0,0,1,0,0,0,0,1,0,0,1,0,0,0,0,0,1,1,1,1,0,0,0,0,0,0,0,0,1,53.40277777777778,Medium
2026/07/19 7:09:15 AM GMT+5:45,Yes,16-18,,Madesh,+2 Passed,Humanities,2.81 - 3.2,Preparing for Bachelor's,3-5 hrs,Video Editing / Content Creation,To get a job;Freelancing;Business / Startups,"YouTube / free online videos;Paid online courses (Udemy, Coursera, etc.);Institute or training center",4.0,4.0,4.0,4.0,Lack of guidance or mentorship;Poor quality of education;Lack of networking,Frequently,IT / Technology,Doing bachelor ,Maybe,Lack of practical education;Limited internship and job opportunities;Brain drain (talented people leaving Nepal),"Start learning skills early, don't wait;Be consistent and patient",17.0,3.0,4.0,2.0,0,0,0,0,0,0,0,0,0,0,1,1,1,0,0,0,0,1,0,0,1,0,0,0,1,0,1,0,0,1,0,1,0,0,0,0,1,0,1,55.06944444444445,Medium
2026/07/19 7:10:30 AM GMT+5:45,Yes,16-18,Female,Koshi,+2 Passed,Management,2.4 - 2.8,Preparing for Bachelor's,3-5 hrs,Graphic Design;UI/UX Design,To get a job;Freelancing;Personal Interest,"Paid online courses (Udemy, Coursera, etc.)",4.0,2.0,5.0,5.0,Lack of guidance or mentorship;Lack of motivation;Lack of networking,Frequently,IT / Technology,Doing bachelor ,Maybe,Lack of practical education;Weak education system / outdated curriculum;Brain drain (talented people leaving Nepal),"Start learning skills early, don't wait;Be consistent and patient",17.0,2.6,4.0,2.0,0,0,0,0,1,0,0,0,0,1,0,0,1,0,0,1,0,1,0,0,0,0,0,0,1,0,0,0,0,1,1,1,0,0,0,0,0,0,2,56.180555555555564,Medium
2026/07/19 7:14:51 AM GMT+5:45,Yes,19-21,Male,Gandaki,+2 Passed,Science,3.21 - 3.6,Preparing for Bachelor's,3-5 hrs,Programming / Coding,Freelancing,YouTube / free online videos,4.0,4.0,4.0,4.0,Financial problems;Poor quality of education;Lack of networking,Sometimes,IT / Technology,Doing BCHELOR ,Maybe,Lack of practical education;Weak education system / outdated curriculum,"Start learning skills early, don't wait;Be consistent and patient",20.0,3.4,4.0,1.0,0,0,0,0,0,0,0,1,0,0,0,0,1,0,0,0,0,0,0,0,0,0,0,0,0,0,1,0,1,0,0,1,0,0,0,0,1,0,1,58.40277777777778,Medium
2026/07/19 7:19:05 AM GMT+5:45,Yes,16-18,,Madesh,+2 Passed,Humanities,2.81 - 3.2,Preparing for Bachelor's,0 - 2 hrs,None yet,NOT YET  LEARNING ,NOT LEARNING ,4.0,1.0,1.0,1.0,Financial problems;Poor quality of education;Lack of opportunities in Nepal;Time management issues;Lack of networking,Frequently,IT / Technology,NOT FIXED YET ,Maybe,Lack of practical education;Weak education system / outdated curriculum;Brain drain (talented people leaving Nepal),"Start learning skills early, don't wait;Be consistent and patient",17.0,3.0,1.0,2.0,0,0,0,0,0,1,0,0,0,0,0,0,0,0,1,0,0,0,0,0,0,0,1,0,0,0,0,0,1,0,0,1,1,0,0,0,1,1,0,18.333333333333336,Low
2026/07/19 7:34:00 AM GMT+5:45,Yes,16-18,Female,Madesh,+2 Passed,Management,2.81 - 3.2,Preparing for Bachelor's,3-5 hrs,Programming / Coding,To get a job,"YouTube / free online videos;Paid online courses (Udemy, Coursera, etc.)",3.0,3.0,4.0,4.0,Financial problems;Lack of guidance or mentorship;Lack of motivation;Family pressure;Poor quality of education,Sometimes,IT / Technology,Doing bachelor ,Maybe,Lack of practical education;Weak education system / outdated curriculum;Financial barriers,Build a portfolio or personal projects;Focus on English communication,17.0,3.0,4.0,1.0,0,0,0,0,0,0,0,1,0,0,0,0,0,0,0,0,0,1,0,0,0,0,0,0,1,0,1,1,1,1,1,0,0,0,0,0,1,0,1,49.65277777777778,Medium
2026/07/19 7:38:41 AM GMT+5:45,Yes,19-21,Female,Gandaki,+2 Passed,Science,2.81 - 3.2,Preparing for Bachelor's,0 - 2 hrs,None yet,To get a job,YouTube / free online videos,2.0,1.0,3.0,3.0,Financial problems;Lack of motivation;Lack of opportunities in Nepal,Sometimes,IT / Technology,I want to see my selflike like i want to earn lot of money in 5 years i want to start my own business i want to be independent within 5 years,No,Weak education system / outdated curriculum;Lack of mentorship and guidance;Poor awareness of career options;Poor internet and tech access in rural areas,"Start learning skills early, don't wait;Explore career options before choosing a stream;Find a mentor or role model;Use free online resources (YouTube, Coursera, etc.);Don't rely only on grades — build real skills;Take care of your mental health",20.0,3.0,1.0,1.0,0,0,0,0,0,1,0,0,0,0,0,0,0,0,0,0,0,1,0,0,0,0,0,0,0,0,1,0,1,0,1,0,1,0,0,0,0,0,0,26.66666666666667,Low
2026/07/19 7:40:35 AM GMT+5:45,Yes,19-21,Female,Lumbini,Awaiting +2 Results,Humanities,Not Yet Graded,Waiting for results,3-5 hrs,Data Analyst / Data Science,Freelancing,"YouTube / free online videos;Paid online courses (Udemy, Coursera, etc.)",4.0,4.0,4.0,3.0,Lack of guidance or mentorship;Lack of motivation;Poor quality of education;Poor internet access;Lack of networking,Frequently,IT / Technology,Doing bachelor ,Maybe,Financial barriers;Lack of mentorship and guidance;Poor awareness of career options;Family and social pressure,"Start learning skills early, don't wait;Build a portfolio or personal projects;Explore career options before choosing a stream",20.0,,4.0,2.0,0,0,1,0,0,0,0,0,0,0,0,0,1,0,0,0,0,0,0,0,0,0,0,0,1,0,1,0,0,1,1,1,0,0,0,1,1,0,1,50.06944444444444,Medium
2026/07/19 8:16:05 AM GMT+5:45,Yes,16-18,Female,Gandaki,+2 Passed,,3.21 - 3.6,Preparing for Bachelor's,6-10 hrs,Programming / Coding,To get a job,YouTube / free online videos;College or school,3.0,3.0,4.0,4.0,Financial problems;Time management issues,Sometimes,,Doing bachelor ,Maybe,Lack of practical education;Weak education system / outdated curriculum,"Start learning skills early, don't wait;Focus on English communication",17.0,3.4,8.0,1.0,0,0,0,0,0,0,0,1,0,0,0,0,0,0,0,0,0,1,0,1,0,0,0,0,0,0,1,0,1,0,0,0,0,0,0,0,0,1,1,52.15277777777778,Medium
2026/07/19 8:17:18 AM GMT+5:45,Yes,16-18,Male,Gandaki,+2 Passed,Science,Above 3.6,Preparing for Bachelor's,6-10 hrs,entrance preparation,University requirements,"Paid online courses (Udemy, Coursera, etc.)",5.0,5.0,5.0,5.0,Financial problems;Lack of guidance or mentorship;Time management issues,Sometimes,Engineering,nepal,Maybe,Lack of practical education,"Use free online resources (YouTube, Coursera, etc.);Be consistent and patient",17.0,3.8,8.0,1.0,0,0,0,0,0,0,1,0,0,0,0,0,0,0,0,0,0,0,1,0,0,0,0,0,1,0,0,0,1,1,0,0,0,0,0,0,0,1,0,76.04166666666666,High
2026/07/19 8:17:18 AM GMT+5:45,Yes,19-21,Female,Gandaki,+2 Passed,Management,2.81 - 3.2,Waiting for results,6-10 hrs,Programming / Coding,To get a job,YouTube / free online videos,4.0,3.0,4.0,4.0,Financial problems;Lack of guidance or mentorship,Sometimes,IT / Technology,Doing bachelor ,Maybe,Lack of practical education;Weak education system / outdated curriculum;Financial barriers;Limited internship and job opportunities,Focus on English communication;Be consistent and patient,20.0,3.0,8.0,1.0,0,0,0,0,0,0,0,1,0,0,0,0,0,0,0,0,0,1,0,0,0,0,0,0,0,0,1,0,1,1,0,0,0,0,0,0,0,0,1,57.152777777777786,Medium
2026/07/19 8:22:24 AM GMT+5:45,Yes,19-21,Female,Gandaki,+2 Passed,Science,2.4 - 2.8,Preparing for Bachelor's,0 - 2 hrs,None yet,Not learning ,Not learning ,4.0,2.0,1.0,2.0,Financial problems;Poor quality of education;Lack of networking,Sometimes,IT / Technology,Bachelor ,Maybe,Lack of practical education;Weak education system / outdated curriculum;Lack of mentorship and guidance;Limited internship and job opportunities,"Start learning skills early, don't wait;Focus on English communication;Don't rely only on grades — build real skills;Be consistent and patient",20.0,2.6,1.0,1.0,0,0,0,0,0,1,0,0,0,0,0,0,0,1,0,0,0,0,0,0,0,0,1,0,0,0,0,0,1,0,0,1,0,0,0,0,1,0,0,30.41666666666667,Low
2026/07/19 8:23:29 AM GMT+5:45,Yes,16-18,Male,Koshi,+2 Passed,Management,3.21 - 3.6,Preparing for Bachelor's,0 - 2 hrs,Programming / Coding;None yet,,,4.0,4.0,2.0,2.0,Financial problems;Lack of motivation;Poor quality of education;Lack of networking,Sometimes,IT / Technology,Doing bachelor ,Maybe,Lack of practical education;Limited internship and job opportunities;Brain drain (talented people leaving Nepal),"Start learning skills early, don't wait;Build a portfolio or personal projects;Focus on English communication;Don't rely only on grades — build real skills;Take care of your mental health;Be consistent and patient",17.0,3.4,1.0,1.0,0,0,0,0,0,1,0,1,0,0,0,0,0,0,0,0,0,0,0,0,0,0,0,0,0,0,0,0,1,0,1,1,0,0,0,0,1,0,1,41.527777777777786,Medium
2026/07/19 9:44:13 AM GMT+5:45,Yes,19-21,Male,Lumbini,+2 Passed,Management,Not Yet Graded,Waiting for results;Preparing for Bachelor's,0 - 2 hrs,None yet,Personal Interest,YouTube / free online videos,3.0,3.0,4.0,3.0,Financial problems;Family pressure;Time management issues,Sometimes,Banking / Finance,Achieve government job,Maybe,Lack of practical education;Financial barriers,"Start learning skills early, don't wait;Find a mentor or role model;Take care of your mental health",20.0,,1.0,1.0,0,0,0,0,0,1,0,0,0,0,0,0,0,0,0,1,0,0,0,0,0,0,0,0,0,0,1,1,1,0,0,0,0,0,0,0,0,1,0,41.666666666666664,Medium
2026/07/19 11:45:11 AM GMT+5:45,Yes,16-18,Female,Madesh,+2 Passed,Humanities,2.81 - 3.2,Preparing for Bachelor's,3-5 hrs,None yet,Not Learning ,Not learning ,4.0,4.0,4.0,4.0,Lack of opportunities in Nepal,Frequently,IT / Technology,Doing Bachelor,Maybe,Lack of practical education,"Start learning skills early, don't wait;Be consistent and patient",17.0,3.0,4.0,2.0,0,0,0,0,0,1,0,0,0,0,0,0,0,1,0,0,0,0,0,0,0,0,1,0,0,0,0,0,0,0,0,0,1,0,0,0,0,0,0,53.95833333333334,Medium
2026/07/19 11:47:01 AM GMT+5:45,Yes,16-18,Female,Madesh,+2 Passed,Management,Below 2.4,Preparing for Bachelor's,3-5 hrs,Graphic Design,To get a job;Freelancing,YouTube / free online videos;College or school,4.0,4.0,4.0,4.0,Financial problems;Lack of guidance or mentorship;Time management issues,Sometimes,IT / Technology,Doing Bachelor ,Maybe,Lack of practical education,"Start learning skills early, don't wait",17.0,2.2,4.0,1.0,0,0,0,0,1,0,0,0,0,0,0,0,1,0,0,0,0,1,0,1,0,0,0,0,0,0,1,0,1,1,0,0,0,0,0,0,0,1,1,58.40277777777778,Medium
2026/07/19 11:48:02 AM GMT+5:45,Yes,19-21,Female,Bagmati,+2 Passed,Science,3.21 - 3.6,Preparing for Bachelor's;Learning professional skills,0 - 2 hrs,Business / Entrepreneurship,To get a job;Business / Startups;Personal Interest,Self-study from books/articles,4.0,4.0,4.0,4.0,Lack of guidance or mentorship;Lack of opportunities in Nepal,Sometimes,Study Abroad,Doing Jobs,Maybe,Lack of practical education;Weak education system / outdated curriculum;Lack of mentorship and guidance;Poor awareness of career options,"Start learning skills early, don't wait;Network with people in your field of interest;Be consistent and patient",20.0,3.4,1.0,1.0,0,1,0,0,0,0,0,0,0,0,0,1,0,0,0,1,0,1,0,0,0,0,0,0,0,1,0,0,0,1,0,0,1,0,0,0,0,0,1,56.527777777777786,Medium
2026/07/19 12:43:40 PM GMT+5:45,Yes,16-18,Male,Madesh,+2 Passed,Management,2.4 - 2.8,Preparing for Bachelor's,3-5 hrs,Graphic Design,To get a job;Freelancing,YouTube / free online videos;Institute or training center;Self-study from books/articles,4.0,4.0,4.0,4.0,Financial problems;Lack of motivation;Poor quality of education;Poor internet access,Always,IT / Technology,Doing Bachelors ,Maybe,Lack of practical education,"Start learning skills early, don't wait;Use free online resources (YouTube, Coursera, etc.);Be consistent and patient",17.0,2.6,4.0,3.0,0,0,0,0,1,0,0,0,0,0,0,0,1,0,0,0,0,1,0,0,1,0,0,0,0,1,1,0,1,0,1,0,0,0,0,1,1,0,1,51.736111111111114,Medium
2026/07/19 12:45:13 PM GMT+5:45,Yes,16-18,Female,Gandaki,+2 Passed,Science,2.81 - 3.2,Preparing for Bachelor's;Working / Freelancing,6-10 hrs,Graphic Design;UI/UX Design,To get a job;Freelancing;Personal Interest,YouTube / free online videos;Self-study from books/articles,4.0,4.0,4.0,4.0,Financial problems,Frequently,IT / Technology,Doing Bachelors ,Maybe,Lack of practical education;Weak education system / outdated curriculum;Brain drain (talented people leaving Nepal),"Start learning skills early, don't wait;Don't rely only on grades — build real skills;Be consistent and patient",17.0,3.0,8.0,2.0,0,0,0,0,1,0,0,0,0,1,0,0,1,0,0,1,0,1,0,0,0,0,0,0,0,1,1,0,1,0,0,0,0,0,0,0,0,0,2,58.68055555555556,Medium
2026/07/19 12:45:25 PM GMT+5:45,Yes,22-25,Male,Bagmati,+2 Passed,Management,3.21 - 3.6,Studying Bachelor's;Learning professional skills,0 - 2 hrs,Digital Marketing / SEO;Public Speaking / Communication,To get a job;Business / Startups;Personal Interest,Institute or training center;College or school;Self-study from books/articles,4.0,4.0,4.0,5.0,Lack of guidance or mentorship;Lack of motivation;Lack of opportunities in Nepal;Time management issues;Lack of networking,Sometimes,IT / Technology,Doing jobs ,Maybe,Lack of practical education;Limited internship and job opportunities,"Start learning skills early, don't wait;Focus on English communication;Don't rely only on grades — build real skills",23.5,3.4,1.0,1.0,0,0,0,1,0,0,0,0,1,0,0,1,0,0,0,1,0,1,0,1,1,0,0,0,0,1,0,0,0,1,1,1,1,0,0,0,0,1,2,62.6388888888889,Medium
2026/07/19 12:46:45 PM GMT+5:45,Yes,16-18,Male,Gandaki,+2 Passed,Management,2.81 - 3.2,Preparing for Bachelor's,3-5 hrs,Graphic Design,To get a job,YouTube / free online videos,4.0,4.0,4.0,4.0,Financial problems,,IT / Technology,Doing Bachelors ,Maybe,Lack of practical education;Weak education system / outdated curriculum,Be consistent and patient,17.0,3.0,4.0,1.0,0,0,0,0,1,0,0,0,0,0,0,0,0,0,0,0,0,1,0,0,0,0,0,0,0,0,1,0,1,0,0,0,0,0,0,0,0,0,1,58.40277777777778,Medium
2026/07/19 12:48:58 PM GMT+5:45,Yes,19-21,Male,Bagmati,+2 Passed,Science,3.21 - 3.6,Studying Bachelor's,0 - 2 hrs,AI / Machine Learning;Graphic Design;Business / Entrepreneurship,To get a job;Business / Startups;Personal Interest,Institute or training center;Self-study from books/articles,4.0,4.0,4.0,5.0,Lack of guidance or mentorship;Lack of opportunities in Nepal,Sometimes,IT / Technology,Starting a new business or doing a job ,Maybe,Lack of practical education;Financial barriers;Lack of mentorship and guidance;Limited internship and job opportunities,"Start learning skills early, don't wait;Focus on English communication;Network with people in your field of interest",20.0,3.4,1.0,1.0,1,1,0,0,1,0,0,0,0,0,0,1,0,0,0,1,0,1,0,0,1,0,0,0,0,1,0,0,0,1,0,0,1,0,0,0,0,0,3,63.75000000000001,Medium
2026/07/19 12:50:21 PM GMT+5:45,Yes,Under 16,Male,Koshi,+2 Passed,Management,2.81 - 3.2,Preparing for Bachelor's,11-20 hrs,Programming / Coding;Data Analyst / Data Science,To get a job;Freelancing,"YouTube / free online videos;Paid online courses (Udemy, Coursera, etc.)",4.0,4.0,3.0,4.0,Financial problems;Poor quality of education;Lack of networking,Frequently,IT / Technology,Maybe working as fresher ,Yes,Weak education system / outdated curriculum,Build a portfolio or personal projects;Take care of your mental health;Be consistent and patient,15.0,3.0,15.0,2.0,0,0,1,0,0,0,0,1,0,0,0,0,1,0,0,0,0,1,0,0,0,0,0,0,1,0,1,0,1,0,0,1,0,0,0,0,1,0,2,60.555555555555564,Medium
2026/07/19 12:53:31 PM GMT+5:45,Yes,16-18,Male,Bagmati,Studying in college ,Science,3.21 - 3.6,Learning professional skills,0 - 2 hrs,Programming / Coding;AI / Machine Learning;Graphic Design;Digital Marketing / SEO;Business / Entrepreneurship,To get a job;Business / Startups;Personal Interest;Study abroad preparation,YouTube / free online videos;College or school,3.0,4.0,5.0,5.0,Lack of guidance or mentorship;Lack of opportunities in Nepal;Lack of networking,Sometimes,IT / Technology,"I think I will do something like: job, business, or studying",Maybe,Lack of practical education;Lack of mentorship and guidance;Poor awareness of career options,"Start learning skills early, don't wait;Network with people in your field of interest;Take care of your mental health;Be consistent and patient",17.0,3.4,1.0,1.0,1,1,0,1,1,0,0,1,0,0,0,1,0,0,0,1,1,1,0,1,0,0,0,0,0,0,1,0,0,1,0,1,1,0,0,0,0,0,5,63.47222222222222,Medium
2026/07/19 5:05:08 PM GMT+5:45,Yes,16-18,Female,Bagmati,+2 Passed,Humanities,2.81 - 3.2,Preparing for Bachelor's,3-5 hrs,Programming / Coding,To get a job;Freelancing,YouTube / free online videos,4.0,2.0,3.0,3.0,Financial problems,Sometimes,IT / Technology,Doing Bachelor ,Maybe,Lack of practical education;Weak education system / outdated curriculum,"Start learning skills early, don't wait;Build a portfolio or personal projects;Be consistent and patient",17.0,3.0,4.0,1.0,0,0,0,0,0,0,0,1,0,0,0,0,1,0,0,0,0,1,0,0,0,0,0,0,0,0,1,0,1,0,0,0,0,0,0,0,0,0,1,43.40277777777778,Medium
2026/07/19 5:17:26 PM GMT+5:45,Yes,16-18,Male,Bagmati,+2 Passed,Science,2.81 - 3.2,Preparing for Bachelor's;Learning professional skills,6-10 hrs,Data Analyst / Data Science;AI / Machine Learning;Graphic Design,To get a job;Freelancing;Personal Interest,YouTube / free online videos;Institute or training center;Self-study from books/articles,4.0,4.0,4.0,4.0,Lack of guidance or mentorship;Poor quality of education;Lack of opportunities in Nepal;Lack of networking,Sometimes,IT / Technology,"I think  I will be doing Bachelors, having IT job in Nepal company .",Maybe,Lack of practical education;Limited internship and job opportunities;Family and social pressure;Poor internet and tech access in rural areas;Brain drain (talented people leaving Nepal),"Start learning skills early, don't wait;Focus on English communication;Don't rely only on grades — build real skills;Take care of your mental health;Be consistent and patient",17.0,3.0,8.0,1.0,1,0,1,0,1,0,0,0,0,0,0,0,1,0,0,1,0,1,0,0,1,0,0,0,0,1,1,0,0,1,0,1,1,0,0,0,1,0,3,63.125,Medium
2026/07/19 5:18:50 PM GMT+5:45,Yes,16-18,Female,Bagmati,+2 Passed,Science,3.21 - 3.6,Waiting for results,0 - 2 hrs,None yet,Not Learning ,Not Learning ,4.0,1.0,1.0,1.0,Lack of opportunities in Nepal;Time management issues,Sometimes,IT / Technology,Doing Bachelors ,Maybe,Lack of practical education;Limited internship and job opportunities;Poor awareness of career options,"Start learning skills early, don't wait;Build a portfolio or personal projects;Take care of your mental health;Be consistent and patient",17.0,3.4,1.0,1.0,0,0,0,0,0,1,0,0,0,0,0,0,0,1,0,0,0,0,0,0,0,0,1,0,0,0,0,0,0,0,0,0,1,0,0,0,0,1,0,21.66666666666667,Low
2026/07/19 5:29:57 PM GMT+5:45,Yes,19-21,Male,Bagmati,SEE Passed,Science,3.21 - 3.6,Preparing for Bachelor's,6-10 hrs,Data Analyst / Data Science;AI / Machine Learning,To get a job;Freelancing,YouTube / free online videos;College or school,4.0,4.0,4.0,4.0,Financial problems;Lack of guidance or mentorship;Lack of motivation,Never,IT / Technology,Doing Bachelor,Yes,Lack of practical education;Limited internship and job opportunities,"Build a portfolio or personal projects;Use free online resources (YouTube, Coursera, etc.);Don't rely only on grades — build real skills;Network with people in your field of interest;Take care of your mental health",20.0,3.4,8.0,0.0,1,0,1,0,0,0,0,0,0,0,0,0,1,0,0,0,0,1,0,1,0,0,0,0,0,0,1,0,1,1,1,0,0,0,0,0,0,0,2,65.34722222222223,Medium
2026/07/19 5:32:50 PM GMT+5:45,Yes,16-18,Male,Madesh,+2 Passed,Science,2.4 - 2.8,Preparing for Bachelor's,6-10 hrs,Programming / Coding;Data Analyst / Data Science;AI / Machine Learning;Graphic Design,To get a job;Freelancing,"YouTube / free online videos;Paid online courses (Udemy, Coursera, etc.);Institute or training center;College or school",4.0,3.0,3.0,4.0,Financial problems;Lack of guidance or mentorship;Lack of motivation;Poor quality of education,Always,IT / Technology,Doing Bachelor ,Maybe,Lack of practical education;Weak education system / outdated curriculum;Financial barriers;Brain drain (talented people leaving Nepal),"Start learning skills early, don't wait;Build a portfolio or personal projects;Focus on English communication;Take care of your mental health",17.0,2.6,8.0,3.0,1,0,1,0,1,0,0,1,0,0,0,0,1,0,0,0,0,1,0,1,1,0,0,0,1,0,1,0,1,1,1,0,0,0,0,0,1,0,4,51.31944444444445,Medium
2026/07/19 5:35:45 PM GMT+5:45,Yes,16-18,Female,Madesh,+2 Passed,Science,2.81 - 3.2,Preparing for Bachelor's,6-10 hrs,Programming / Coding;Data Analyst / Data Science;AI / Machine Learning,To get a job;Freelancing,"YouTube / free online videos;Paid online courses (Udemy, Coursera, etc.);Institute or training center",3.0,4.0,3.0,4.0,Financial problems;Lack of guidance or mentorship;Lack of motivation;Family pressure;Poor quality of education,Sometimes,IT / Technology,Doing Bachelor,Maybe,Lack of practical education;Weak education system / outdated curriculum;Brain drain (talented people leaving Nepal),"Start learning skills early, don't wait;Build a portfolio or personal projects;Be consistent and patient",17.0,3.0,8.0,1.0,1,0,1,0,0,0,0,1,0,0,0,0,1,0,0,0,0,1,0,0,1,0,0,0,1,0,1,1,1,1,1,0,0,0,0,0,1,0,3,55.625,Medium
2026/07/19 5:40:07 PM GMT+5:45,Yes,16-18,Female,Madesh,+2 Passed,Science,2.81 - 3.2,Preparing for Bachelor's,3-5 hrs,Data Analyst / Data Science;AI / Machine Learning,To get a job,"YouTube / free online videos;Paid online courses (Udemy, Coursera, etc.)",4.0,4.0,3.0,3.0,Financial problems,Sometimes,IT / Technology,Doing Bachelor ,Maybe,Lack of practical education;Weak education system / outdated curriculum,"Start learning skills early, don't wait;Use free online resources (YouTube, Coursera, etc.);Network with people in your field of interest;Take care of your mental health;Be consistent and patient",17.0,3.0,4.0,1.0,1,0,1,0,0,0,0,0,0,0,0,0,0,0,0,0,0,1,0,0,0,0,0,0,1,0,1,0,1,0,0,0,0,0,0,0,0,0,2,52.01388888888888,Medium
2026/07/19 5:42:50 PM GMT+5:45,Yes,19-21,Female,Madesh,+2 Passed,Science,2.4 - 2.8,Preparing for Bachelor's,6-10 hrs,Data Analyst / Data Science,To get a job,"YouTube / free online videos;Paid online courses (Udemy, Coursera, etc.)",4.0,4.0,3.0,4.0,Financial problems;Lack of guidance or mentorship;Lack of motivation;Time management issues;Mental stress or anxiety;Lack of networking,Sometimes,IT / Technology,Doing Bachelor ,Maybe,Lack of practical education;Lack of mentorship and guidance;Limited internship and job opportunities,Build a portfolio or personal projects,20.0,2.6,8.0,1.0,0,0,1,0,0,0,0,0,0,0,0,0,0,0,0,0,0,1,0,0,0,0,0,0,1,0,1,0,1,1,1,1,0,1,0,0,0,1,1,58.40277777777777,Medium
2026/07/19 5:50:13 PM GMT+5:45,Yes,19-21,Female,Bagmati,+2 Passed,Science,2.81 - 3.2,Preparing for Bachelor's,3-5 hrs,Data Analyst / Data Science,Freelancing,"YouTube / free online videos;Paid online courses (Udemy, Coursera, etc.)",3.0,4.0,3.0,4.0,Financial problems;Poor quality of education,Sometimes,IT / Technology,Doing Bachelors ,Maybe,Lack of practical education;Limited internship and job opportunities;Poor internet and tech access in rural areas;Political instability affecting opportunities;Brain drain (talented people leaving Nepal),"Start learning skills early, don't wait;Build a portfolio or personal projects;Focus on English communication;Be consistent and patient",20.0,3.0,4.0,1.0,0,0,1,0,0,0,0,0,0,0,0,0,1,0,0,0,0,0,0,0,0,0,0,0,1,0,1,0,1,0,0,0,0,0,0,0,1,0,1,50.902777777777786,Medium
2026/07/19 5:51:20 PM GMT+5:45,Yes,22-25,Male,Sudurpaschim,SEE Passed,Science,Above 3.6,Learning professional skills;Working / Freelancing,3-5 hrs,Programming / Coding;Data Analyst / Data Science;AI / Machine Learning;Graphic Design;UI/UX Design;Digital Marketing / SEO;Video Editing / Content Creation;Public Speaking / Communication;Business / Entrepreneurship,To get a job;Business / Startups;Study abroad preparation,"Paid online courses (Udemy, Coursera, etc.);College or school",5.0,5.0,5.0,5.0,Time management issues;Mental stress or anxiety;Lack of networking,Sometimes,IT / Technology,Data Scientist And AI engineer ,Maybe,Lack of practical education;Weak education system / outdated curriculum;Poor internet and tech access in rural areas;Brain drain (talented people leaving Nepal),"Start learning skills early, don't wait;Build a portfolio or personal projects;Focus on English communication;Explore career options before choosing a stream;Find a mentor or role model;Use free online resources (YouTube, Coursera, etc.);Don't rely only on grades — build real skills;Network with people in your field of interest;Take care of your mental health;Be consistent and patient",23.5,3.8,4.0,1.0,1,1,1,1,1,0,0,1,1,1,1,1,0,0,0,0,1,1,0,1,0,0,0,0,1,0,0,0,0,0,0,1,0,1,0,0,0,1,9,83.54166666666666,High
2026/07/19 5:51:40 PM GMT+5:45,Yes,19-21,Female,Gandaki,+2 Passed,Humanities,2.81 - 3.2,Preparing for Bachelor's,3-5 hrs,Data Analyst / Data Science,To get a job,"YouTube / free online videos;Paid online courses (Udemy, Coursera, etc.);Institute or training center;College or school",3.0,4.0,3.0,3.0,Lack of guidance or mentorship;Poor internet access,Sometimes,IT / Technology,Bachelors,Yes,Lack of practical education;Weak education system / outdated curriculum,"Start learning skills early, don't wait;Network with people in your field of interest;Be consistent and patient",20.0,3.0,4.0,1.0,0,0,1,0,0,0,0,0,0,0,0,0,0,0,0,0,0,1,0,1,1,0,0,0,1,0,1,0,0,1,0,0,0,0,0,1,0,0,1,45.90277777777778,Medium
2026/07/19 5:53:59 PM GMT+5:45,Yes,16-18,Male,Madesh,+2 Passed,Management,2.81 - 3.2,Learning professional skills;Working / Freelancing;Preparing to study abroad,3-5 hrs,Graphic Design;UI/UX Design;Digital Marketing / SEO;Video Editing / Content Creation,To get a job;University requirements,"YouTube / free online videos;Paid online courses (Udemy, Coursera, etc.);Institute or training center;College or school;Self-study from books/articles;Mentor or teacher",4.0,3.0,4.0,4.0,Lack of motivation;Poor quality of education;Time management issues;Mental stress or anxiety,Frequently,IT / Technology,Tech professional ,Yes,Limited internship and job opportunities;Brain drain (talented people leaving Nepal),"Start learning skills early, don't wait;Build a portfolio or personal projects;Focus on English communication;Explore career options before choosing a stream;Find a mentor or role model;Use free online resources (YouTube, Coursera, etc.)",17.0,3.0,4.0,2.0,0,0,0,1,1,0,0,0,0,1,1,0,0,0,0,0,0,1,1,1,1,1,0,0,1,1,1,0,0,0,1,0,0,1,0,0,1,1,4,54.652777777777786,Medium
2026/07/19 5:55:38 PM GMT+5:45,Yes,16-18,Male,Madesh,+2 Passed,Education,3.21 - 3.6,Preparing for Bachelor's;Learning professional skills,0 - 2 hrs,Programming / Coding;Public Speaking / Communication,To get a job,"YouTube / free online videos;Paid online courses (Udemy, Coursera, etc.);Institute or training center",4.0,4.0,4.0,4.0,Financial problems;Lack of guidance or mentorship;Lack of motivation;Family pressure;Poor quality of education;Poor internet access;Lack of opportunities in Nepal,Sometimes,Teaching / Education,IT teacher,No,Lack of practical education;Weak education system / outdated curriculum;Financial barriers;Lack of mentorship and guidance;Limited internship and job opportunities;Poor awareness of career options,"Start learning skills early, don't wait;Build a portfolio or personal projects;Focus on English communication;Use free online resources (YouTube, Coursera, etc.)",17.0,3.4,1.0,1.0,0,0,0,0,0,0,0,1,1,0,0,0,0,0,0,0,0,1,0,0,1,0,0,0,1,0,1,1,1,1,1,0,1,0,0,1,1,0,2,57.63888888888889,Medium
2026/07/19 5:56:56 PM GMT+5:45,Yes,19-21,Male,Lumbini,+2 Passed,Science,Above 3.6,Preparing for Bachelor's;Learning professional skills;Working / Freelancing,3-5 hrs,Programming / Coding;Data Analyst / Data Science;AI / Machine Learning;Graphic Design;UI/UX Design;Digital Marketing / SEO;Video Editing / Content Creation;Public Speaking / Communication;Business / Entrepreneurship,To get a job;Freelancing;Business / Startups;Personal Interest;University requirements;Study abroad preparation,"YouTube / free online videos;Paid online courses (Udemy, Coursera, etc.);Institute or training center;College or school;Self-study from books/articles;Mentor or teacher",5.0,5.0,5.0,5.0,Financial problems;Lack of guidance or mentorship;Lack of motivation;Family pressure;Poor quality of education;Poor internet access;Lack of opportunities in Nepal;Time management issues;Mental stress or anxiety,Never,Engineering,,No,Lack of practical education;Financial barriers;Limited internship and job opportunities;Brain drain (talented people leaving Nepal),"Start learning skills early, don't wait;Focus on English communication;Use free online resources (YouTube, Coursera, etc.)",20.0,3.8,4.0,0.0,1,1,1,1,1,0,0,1,1,1,1,1,1,0,0,1,1,1,1,1,1,1,0,0,1,1,1,1,1,1,1,0,1,1,0,1,1,1,9,86.87499999999999,High
2026/07/19 5:59:51 PM GMT+5:45,Yes,16-18,Female,Gandaki,SEE Passed,Education,3.21 - 3.6,Working / Freelancing,3-5 hrs,Public Speaking / Communication,To get a job,YouTube / free online videos,4.0,3.0,4.0,2.0,Financial problems;Poor internet access;Lack of opportunities in Nepal;Time management issues;Mental stress or anxiety;Lack of networking,Frequently,Teaching / Education,Teacher,Maybe,Lack of mentorship and guidance;Poor awareness of career options;Family and social pressure;Mental health and stress,"Focus on English communication;Find a mentor or role model;Use free online resources (YouTube, Coursera, etc.);Don't rely only on grades — build real skills;Network with people in your field of interest;Take care of your mental health;Be consistent and patient",17.0,3.4,4.0,2.0,0,0,0,0,0,0,0,0,1,0,0,0,0,0,0,0,0,1,0,0,0,0,0,0,0,0,1,0,1,0,0,1,1,1,0,1,0,1,1,41.31944444444445,Medium
2026/07/19 6:01:34 PM GMT+5:45,Yes,Above 25,Male,Sudurpaschim,Bachelor ,Management,3.21 - 3.6,Learning professional skills;Working / Freelancing,6-10 hrs,Digital Marketing / SEO,Freelancing;Business / Startups,"YouTube / free online videos;Paid online courses (Udemy, Coursera, etc.);Institute or training center;College or school;Self-study from books/articles;Mentor or teacher",5.0,4.0,3.0,4.0,Lack of opportunities in Nepal;Time management issues;Mental stress or anxiety;Lack of networking,Sometimes,Business / Entrepreneurship,Business man,Maybe,Limited internship and job opportunities;Poor awareness of career options;Family and social pressure;Mental health and stress;Poor internet and tech access in rural areas;Brain drain (talented people leaving Nepal),"Start learning skills early, don't wait;Build a portfolio or personal projects;Focus on English communication;Explore career options before choosing a stream;Find a mentor or role model;Use free online resources (YouTube, Coursera, etc.);Don't rely only on grades — build real skills;Network with people in your field of interest;Take care of your mental health;Be consistent and patient",27.0,3.4,8.0,1.0,0,0,0,1,0,0,0,0,0,0,0,1,1,0,0,0,0,0,0,1,1,1,0,0,1,1,1,0,0,0,0,1,1,1,0,0,0,1,1,63.402777777777764,Medium
2026/07/19 6:03:25 PM GMT+5:45,Yes,19-21,Male,Lumbini,+2 Passed,Science,2.81 - 3.2,Preparing for Bachelor's,0 - 2 hrs,Data Analyst / Data Science;AI / Machine Learning,To get a job;Freelancing,"YouTube / free online videos;Paid online courses (Udemy, Coursera, etc.)",2.0,3.0,3.0,4.0,Lack of motivation;Mental stress or anxiety;Lack of networking,Sometimes,Engineering,Engineer ,Maybe,Limited internship and job opportunities;Poor awareness of career options;Family and social pressure,Build a portfolio or personal projects;Focus on English communication;Don't rely only on grades — build real skills,20.0,3.0,1.0,1.0,1,0,1,0,0,0,0,0,0,0,0,0,1,0,0,0,0,1,0,0,0,0,0,0,1,0,1,0,0,0,1,1,0,1,0,0,0,0,2,41.388888888888886,Medium
2026/07/19 6:05:20 PM GMT+5:45,Yes,19-21,Male,Gandaki,+2 Passed,Science,Above 3.6,Preparing for Bachelor's,11-20 hrs,None yet;CEE Entrance ,University requirements,YouTube / free online videos;Institute or training center;College or school;Self-study from books/articles;Mentor or teacher,5.0,5.0,5.0,5.0,Mental stress or anxiety,Sometimes,Medical / Health,Doctor ,Yes,Financial barriers;Lack of mentorship and guidance;Limited internship and job opportunities,"Start learning skills early, don't wait;Build a portfolio or personal projects;Focus on English communication;Explore career options before choosing a stream;Find a mentor or role model;Use free online resources (YouTube, Coursera, etc.);Don't rely only on grades — build real skills;Network with people in your field of interest;Take care of your mental health;Be consistent and patient",20.0,3.8,15.0,1.0,0,0,0,0,0,1,1,0,0,0,0,0,0,0,0,0,0,0,1,1,1,1,0,0,0,1,1,0,0,0,0,0,0,1,0,0,0,0,0,80.41666666666666,High
2026/07/19 6:05:34 PM GMT+5:45,Yes,16-18,Male,Gandaki,+2 Passed,Science,3.21 - 3.6,Preparing for Bachelor's,3-5 hrs,Programming / Coding;Data Analyst / Data Science;AI / Machine Learning,To get a job;Freelancing,"YouTube / free online videos;Paid online courses (Udemy, Coursera, etc.);Institute or training center;College or school",3.0,3.0,3.0,3.0,Lack of guidance or mentorship;Lack of motivation;Lack of networking,Sometimes,IT / Technology,Abroad ,Maybe,Lack of practical education,"Start learning skills early, don't wait;Explore career options before choosing a stream;Use free online resources (YouTube, Coursera, etc.);Be consistent and patient",17.0,3.4,4.0,1.0,1,0,1,0,0,0,0,1,0,0,0,0,1,0,0,0,0,1,0,1,1,0,0,0,1,0,1,0,0,1,1,1,0,0,0,0,0,0,3,44.375,Medium
2026/07/19 6:07:54 PM GMT+5:45,Yes,Under 16,Male,Madesh,SEE Passed,Just SEE Passed,Above 3.6,Preparing for +2 bio science ,6-10 hrs,Public Speaking / Communication,To get a job;Personal Interest;To became a doctor ,YouTube / free online videos;Institute or training center;Self-study from books/articles;Mentor or teacher,4.0,4.0,4.0,4.0,Financial problems;Lack of guidance or mentorship;Lack of motivation,Always,Medical / Health,I don't know ,No,Lack of mentorship and guidance;Limited internship and job opportunities;Family and social pressure,"Start learning skills early, don't wait;Build a portfolio or personal projects;Focus on English communication;Explore career options before choosing a stream;Find a mentor or role model;Use free online resources (YouTube, Coursera, etc.);Don't rely only on grades — build real skills;Network with people in your field of interest;Take care of your mental health;Be consistent and patient",15.0,3.8,8.0,3.0,0,0,0,0,0,0,0,0,1,0,0,0,0,0,1,1,0,1,0,0,1,1,0,0,0,1,1,0,1,1,1,0,0,0,0,0,0,0,1,54.23611111111111,Medium
2026/07/19 6:13:53 PM GMT+5:45,Yes,16-18,Male,Koshi,+2 Passed,Management,2.81 - 3.2,Preparing for Bachelor's,3-5 hrs,Graphic Design;Public Speaking / Communication,To get a job,"YouTube / free online videos;Paid online courses (Udemy, Coursera, etc.)",4.0,3.0,4.0,3.0,Financial problems;Lack of guidance or mentorship;Lack of motivation,Frequently,IT / Technology,Doing Bachelor ,Maybe,Lack of practical education;Limited internship and job opportunities,Build a portfolio or personal projects;Focus on English communication;Network with people in your field of interest;Take care of your mental health;Be consistent and patient,17.0,3.0,4.0,2.0,0,0,0,0,1,0,0,0,1,0,0,0,0,0,0,0,0,1,0,0,0,0,0,0,1,0,1,0,1,1,1,0,0,0,0,0,0,0,2,47.43055555555556,Medium
2026/07/19 6:18:46 PM GMT+5:45,Yes,16-18,Male,Bagmati,,Science,2.4 - 2.8,Preparing for Bachelor's,6-10 hrs,Programming / Coding,To get a job,YouTube / free online videos,4.0,4.0,4.0,4.0,Financial problems,Sometimes,IT / Technology,Doing Bacheor,Maybe,Lack of practical education;Weak education system / outdated curriculum;Financial barriers,"Start learning skills early, don't wait;Use free online resources (YouTube, Coursera, etc.);Network with people in your field of interest",17.0,2.6,8.0,1.0,0,0,0,0,0,0,0,1,0,0,0,0,0,0,0,0,0,1,0,0,0,0,0,0,0,0,1,0,1,0,0,0,0,0,0,0,0,0,1,60.90277777777777,Medium
2026/07/19 6:20:32 PM GMT+5:45,Yes,Under 16,Female,Bagmati,+2 Passed,Science,2.81 - 3.2,Preparing for Bachelor's,0 - 2 hrs,None yet,,,3.0,3.0,3.0,3.0,Financial problems;Lack of guidance or mentorship;Poor internet access,Sometimes,IT / Technology,Doing Bachelor ,Maybe,Lack of practical education;Financial barriers;Lack of mentorship and guidance;Limited internship and job opportunities,"Start learning skills early, don't wait;Build a portfolio or personal projects;Be consistent and patient",15.0,3.0,1.0,1.0,0,0,0,0,0,1,0,0,0,0,0,0,0,0,0,0,0,0,0,0,0,0,0,0,0,0,0,0,1,1,0,0,0,0,0,1,0,0,0,39.16666666666666,Low
2026/07/19 6:22:15 PM GMT+5:45,Yes,16-18,Male,Bagmati,+2 Passed,Science,Above 3.6,Preparing for Bachelor's,0 - 2 hrs,None yet,,,3.0,1.0,3.0,5.0,Financial problems;Lack of guidance or mentorship;Lack of motivation;Lack of opportunities in Nepal;Time management issues;Mental stress or anxiety,Always,Engineering,"Future can't be predicted dude, anywhere might be but I'll be good",No,Lack of practical education;Weak education system / outdated curriculum;Financial barriers;Limited internship and job opportunities;Poor awareness of career options;Family and social pressure;Mental health and stress;Poor internet and tech access in rural areas;Political instability affecting opportunities;Brain drain (talented people leaving Nepal),"Start learning skills early, don't wait;Build a portfolio or personal projects;Don't rely only on grades — build real skills;Take care of your mental health;Be consistent and patient",17.0,3.8,1.0,3.0,0,0,0,0,0,1,0,0,0,0,0,0,0,0,0,0,0,0,0,0,0,0,0,0,0,0,0,0,1,1,1,0,1,1,0,0,0,1,0,35.0,Low
2026/07/19 6:47:32 PM GMT+5:45,Yes,16-18,Female,Bagmati,+2 Passed,Science,2.4 - 2.8,Preparing for Bachelor's,0 - 2 hrs,None yet,,,3.0,2.0,3.0,2.0,Financial problems;Time management issues,Sometimes,Engineering,Doing Bachelor ,Maybe,Weak education system / outdated curriculum;Financial barriers,"Start learning skills early, don't wait;Build a portfolio or personal projects",17.0,2.6,1.0,1.0,0,0,0,0,0,1,0,0,0,0,0,0,0,0,0,0,0,0,0,0,0,0,0,0,0,0,0,0,1,0,0,0,0,0,0,0,0,1,0,30.41666666666667,Low
2026/07/19 7:00:46 PM GMT+5:45,Yes,19-21,Female,Bagmati,+2 Passed,Humanities,Below 2.4,Preparing for Bachelor's,0 - 2 hrs,None yet,,,3.0,4.0,3.0,4.0,Financial problems;Lack of motivation;Poor internet access;Lack of networking,Sometimes,IT / Technology,Doing Bachelor ,Maybe,Lack of practical education,Explore career options before choosing a stream;Network with people in your field of interest;Take care of your mental health,20.0,2.2,1.0,1.0,0,0,0,0,0,1,0,0,0,0,0,0,0,0,0,0,0,0,0,0,0,0,0,0,0,0,0,0,1,0,1,1,0,0,0,1,0,0,0,47.91666666666667,Medium
2026/07/19 7:02:03 PM GMT+5:45,Yes,19-21,Female,Koshi,SEE Passed,Science,Above 3.6,Studying Bachelor's,0 - 2 hrs,Data Analyst / Data Science,To get a job,"Paid online courses (Udemy, Coursera, etc.)",1.0,1.0,1.0,1.0,Lack of motivation,Always,Banking / Finance,,Yes,Lack of practical education,"Start learning skills early, don't wait",20.0,3.8,1.0,3.0,0,0,1,0,0,0,0,0,0,0,0,0,0,0,0,0,0,1,0,0,0,0,0,0,1,0,0,0,0,0,1,0,0,0,0,0,0,0,1,1.1111111111111112,Low
2026/07/19 7:03:08 PM GMT+5:45,Yes,22-25,Female,Koshi,SEE Passed,Science,Below 2.4,Waiting for results,0 - 2 hrs,Programming / Coding,To get a job,YouTube / free online videos,1.0,1.0,1.0,1.0,Financial problems,Always,IT / Technology,,Yes,Lack of practical education,"Start learning skills early, don't wait",23.5,2.2,1.0,3.0,0,0,0,0,0,0,0,1,0,0,0,0,0,0,0,0,0,1,0,0,0,0,0,0,0,0,1,0,1,0,0,0,0,0,0,0,0,0,1,1.1111111111111112,Low
2026/07/19 7:04:34 PM GMT+5:45,Yes,19-21,Female,Madesh,+2 Passed,Management,3.21 - 3.6,Learning professional skills,6-10 hrs,Digital Marketing / SEO,University requirements,College or school,2.0,3.0,5.0,3.0,Poor quality of education;Poor internet access;Lack of opportunities in Nepal,Sometimes,Business / Entrepreneurship,,Maybe,Family and social pressure,Explore career options before choosing a stream,20.0,3.4,8.0,1.0,0,0,0,1,0,0,0,0,0,0,0,0,0,0,0,0,0,0,1,1,0,0,0,0,0,0,0,0,0,0,0,0,1,0,0,1,1,0,1,44.652777777777786,Medium
2026/07/19 7:05:50 PM GMT+5:45,Yes,22-25,Female,Lumbini,+2 Passed,Humanities,2.81 - 3.2,Studying Bachelor's,6-10 hrs,Public Speaking / Communication,University requirements;Study abroad preparation,"Paid online courses (Udemy, Coursera, etc.);Institute or training center;Self-study from books/articles",2.0,4.0,3.0,3.0,Lack of guidance or mentorship;Family pressure;Poor quality of education;Mental stress or anxiety,Frequently,Research / Academia,,Maybe,Mental health and stress;Political instability affecting opportunities,Take care of your mental health;Be consistent and patient,23.5,3.0,8.0,2.0,0,0,0,0,0,0,0,0,1,0,0,0,0,0,0,0,1,0,1,0,1,0,0,0,1,1,0,1,0,1,0,0,0,1,0,0,1,0,1,40.06944444444444,Medium
2026/07/19 7:06:50 PM GMT+5:45,Yes,22-25,,Gandaki,Awaiting +2 Results,Just SEE Passed,2.81 - 3.2,Studying Bachelor's,6-10 hrs,Graphic Design,Personal Interest,Mentor or teacher,3.0,2.0,1.0,2.0,Lack of opportunities in Nepal,Sometimes,Business / Entrepreneurship,,Maybe,Political instability affecting opportunities,Explore career options before choosing a stream,23.5,3.0,8.0,1.0,0,0,0,0,1,0,0,0,0,0,0,0,0,0,0,1,0,0,0,0,0,1,0,0,0,0,0,0,0,0,0,0,1,0,0,0,0,0,1,30.90277777777778,Low
2026/07/19 10:57:29 PM GMT+5:45,Yes,22-25,Female,Sudurpaschim,+2 Passed,Education,3.21 - 3.6,Learning professional skills,3-5 hrs,Graphic Design,Business / Startups,Institute or training center,2.0,3.0,3.0,4.0,Lack of guidance or mentorship;Lack of motivation;Family pressure,Always,Banking / Finance,,Yes,Weak education system / outdated curriculum;Financial barriers,"Explore career options before choosing a stream;Find a mentor or role model;Use free online resources (YouTube, Coursera, etc.);Don't rely only on grades — build real skills",23.5,3.4,4.0,3.0,0,0,0,0,1,0,0,0,0,0,0,1,0,0,0,0,0,0,0,0,1,0,0,0,0,0,0,1,0,1,1,0,0,0,0,0,0,0,1,35.486111111111114,Low
2026/07/20 1:15:30 PM GMT+5:45,Yes,16-18,Female,Madesh,+2 Passed,Management,3.21 - 3.6,Preparing to study abroad,0 - 2 hrs,Programming / Coding,Study abroad preparation,Institute or training center,4.0,2.0,5.0,4.0,Lack of networking,Sometimes,IT / Technology,Abroad ,Yes,Lack of practical education,"Start learning skills early, don't wait;Explore career options before choosing a stream",17.0,3.4,1.0,1.0,0,0,0,0,0,0,0,1,0,0,0,0,0,0,0,0,1,0,0,0,1,0,0,0,0,0,0,0,0,0,0,1,0,0,0,0,0,0,1,51.527777777777786,Medium
